Pokemon,Score,Dex,Type 1,Type 2,Attack,Defense,Stamina,Stat Product,Level,CP,Fast Move,Charged Move 1,Charged Move 2,Charged Move 1 Count,Charged Move 2 Count,Buddy Distance,Charged Move Cost
Moltres (Galarian),96.6,146,dark,flying,149.5,175.6,158,4146723,29.5,2490,Sucker Punch,Fly,Brave Bird,7,8,20,100000
Corviknight,95.6,823,flying,steel,137.8,170,193,4522355,47,2497,Sand Attack,Air Cutter,Payback,9,15,1,10000
Lapras,95.4,131,water,ice,134,149.8,231,4637587,40.5,2495,Psywave,Sparkling Aria,Ice Beam,12,14,5,75000
Jellicent,95,593,water,ghost,141.6,158.9,196,4409691,47.5,2499,Hex,Surf,Shadow Ball,4,4,3,50000
Lapras (Shadow),94.9,131,water,ice,134,149.8,231,4637587,40.5,2495,Psywave,Sparkling Aria,Ice Beam,12,14,5,75000
Empoleon,94.5,395,water,steel,161.9,150.7,158,3856139,33,2500,Metal Sound,Hydro Cannon,Drill Peck,5,5,3,10000
Florges,94.5,671,fairy,none,154,183.3,143,4037457,28.5,2496,Fairy Wind,Chilling Water,Trailblaze,5,5,3,50000
Empoleon (Shadow),94.4,395,water,steel,161.9,150.7,158,3856139,33,2500,Metal Sound,Hydro Cannon,Drill Peck,5,5,3,10000
Feraligatr (Shadow),94.3,160,water,none,159.2,154.6,159,3912480,35,2496,Shadow Claw,Hydro Cannon,Ice Beam,5,7,3,10000
Clefable,94.1,36,fairy,none,150.7,144,191,4144850,47.5,2500,Fairy Wind,Meteor Mash,Moonblast,5,7,1,10000
Regidrago,93.9,895,dragon,none,154.6,84.4,309,4030826,32.5,2496,Dragon Breath,Dragon Energy,Vise Grip,12,10,20,100000
Malamar (Shadow),93.6,687,dark,psychic,152.1,149.6,180,4094867,50,2500,Psywave,Foul Play,Superpower,10,10,3,50000
Forretress,93.4,205,bug,steel,144.9,182.4,163,4307907,48.5,2500,Volt Switch,Rock Tomb,Earthquake,4,5,5,75000
Gastrodon,93.2,423,water,ground,149.8,130.8,212,4154572,47.5,2499,Mud Slap,Body Slam,Water Pulse,4,5,3,50000
Virizion,93.2,640,grass,fighting,146.1,180,162,4260018,31,2496,Double Kick,Leaf Blade,Sacred Sword,3,3,20,100000
Togekiss,93.1,468,fairy,flying,161.1,161.1,149,3868222,27.5,2498,Peck,Psyshock,Aura Sphere,5,5,3,50000
Feraligatr,93,160,water,none,159.2,154.6,159,3912480,35,2496,Shadow Claw,Hydro Cannon,Ice Beam,5,7,3,10000
Lickilicky,93,463,normal,none,136.2,160.1,210,4578557,47,2499,Rollout,Body Slam,Shadow Ball,3,4,3,50000
Walrein,92.8,365,ice,water,145.4,147.8,200,4297195,38.5,2500,Powder Snow,Icicle Spear,Earthquake,5,9,3,50000
Ludicolo,92.6,272,water,grass,153.1,158.1,168,4067890,47.5,2496,Astonish,Weather Ball (Water),Leaf Storm,4,6,3,50000
Oranguru,92.5,765,normal,psychic,142,170,182,4392287,47,2499,Confusion,Brutal Swing,Trailblaze,3,4,3,75000
Walrein (Shadow),92.5,365,ice,water,145.4,147.8,200,4297195,38.5,2500,Powder Snow,Icicle Spear,Earthquake,5,9,3,50000
Malamar,92.1,687,dark,psychic,152.1,149.6,180,4094867,50,2500,Psywave,Foul Play,Superpower,10,10,3,50000
Zygarde (Complete Forme),92.1,718,dragon,ground,128.9,142,264,4833523,24,2498,Dragon Tail,Crunch,Earthquake,4,6,20,100000
Toucannon (Shadow),91.9,733,normal,flying,177.3,124.8,159,3517550,39,2499,Peck,Beak Blast,Drill Peck,7,5,1,10000
Doublade,91.8,680,steel,ghost,158,181.8,137,3935561,46.5,2497,Shadow Claw,Sacred Sword,Gyro Ball,5,7,5,75000
Blastoise,91.6,9,water,none,143.9,181.6,166,4337825,45.5,2498,Rollout,Hydro Cannon,Skull Bash,4,6,3,10000
Golisopod,91.6,768,bug,water,160.4,171.9,141,3889212,29,2497,Fury Cutter,X-Scissor,Aqua Jet,10,10,1,10000
Dusknoir (Shadow),91.4,477,ghost,none,153.2,222.4,119,4054725,48.5,2493,Astonish,Dynamic Punch,Shadow Punch,5,4,3,50000
Giratina (Altered),91.2,487,ghost,dragon,134.5,168.1,204,4613304,27.5,2494,Dragon Breath,Dragon Claw,Shadow Sneak,13,13,20,100000
Kingdra,91.2,230,water,dragon,157,165.7,153,3979555,40.5,2499,Dragon Breath,Swift,Outrage,9,15,3,50000
Kingdra (Shadow),91.1,230,water,dragon,157,165.7,153,3979555,40.5,2499,Dragon Breath,Swift,Outrage,9,15,3,50000
Cresselia,91,488,psychic,none,120.2,207.2,208,5179131,36.5,2499,Confusion,Grass Knot,Moonblast,4,5,20,100000
Dusknoir,91,477,ghost,none,153.2,222.4,119,4054725,48.5,2493,Astonish,Dynamic Punch,Shadow Punch,5,4,3,50000
Toucannon,91,733,normal,flying,177.3,124.8,159,3517550,39,2499,Peck,Beak Blast,Drill Peck,7,5,1,10000
Drapion,90.9,452,poison,dark,150.9,178,153,4110687,46,2494,Poison Sting,Crunch,Aqua Tail,5,4,5,75000
Mandibuzz,90.9,630,dark,flying,121,184.9,215,4809416,50,2417,Snarl,Foul Play,Shadow Ball,4,4,5,75000
Tinkaton,90.9,959,fairy,steel,140.3,177.3,178,4428816,50,2499,Fairy Wind,Play Rough,Bulldoze,7,5,3,75000
Turtonator,90.9,776,fire,dragon,150.4,193.3,142,4127984,50,2499,Incinerate,Brutal Swing,Dragon Claw,2,3,5,75000
Runerigus,90.8,867,ground,ghost,146.6,208.6,139,4251447,49.5,2497,Shadow Claw,Rock Tomb,Shadow Ball,7,7,3,50000
Bellibolt,90.7,939,electric,none,148,141.7,200,4196936,39.5,2497,Sucker Punch,Parabolic Charge,Zap Cannon,8,12,1,50000
Mewtwo (Armored),90.7,150,psychic,none,135,209,163,4596830,29.5,2492,Confusion,Psystrike,Dynamic Punch,4,4,20,100000
Samurott,90.7,503,water,none,165.1,130.7,175,3777696,35.5,2498,Fury Cutter,Hydro Cannon,Megahorn,10,14,3,10000
Aurorus,90.6,699,rock,ice,145.8,136.6,214,4262140,36,2497,Powder Snow,Weather Ball (Ice),Meteor Beam,5,8,5,75000
Aurorus (Shadow),90.6,699,rock,ice,145.8,136.6,214,4262140,36,2497,Powder Snow,Weather Ball (Ice),Meteor Beam,5,8,5,75000
Guzzlord,90.6,799,dark,dragon,145.1,86.1,343,4287285,34,2494,Dragon Tail,Brutal Swing,Dragon Claw,3,5,20,100000
Steelix,90.6,208,steel,ground,126.6,238.2,163,4914537,48.5,2495,Thunder Fang,Crunch,Psychic Fangs,8,6,5,75000
Crustle,90.5,558,bug,rock,155.1,172.9,150,4021778,43.5,2499,Fury Cutter,X-Scissor,Rock Wrecker,10,13,1,10000
Spiritomb,90.5,442,ghost,dark,154.6,179.8,127,3531052,50,2343,Sucker Punch,Shadow Ball,Rock Tomb,8,8,5,75000
Cradily,90.4,346,rock,grass,140.3,175.6,180,4436127,50,2499,Acid,Rock Tomb,Grass Knot,7,7,3,50000
Hydreigon (Shadow),90.4,635,dark,dragon,175,135.6,150,3559227,25,2498,Dragon Breath,Brutal Swing,Fly,9,12,5,75000
Ninetales (Alolan) (Shadow),90.4,38,ice,fairy,151.5,172.2,158,4121225,47.5,2499,Powder Snow,Weather Ball (Ice),Dazzling Gleam,5,7,3,50000
Giratina (Altered) (Shadow),90.3,487,ghost,dragon,137.4,163.1,202,4528800,27,2499,Dragon Breath,Dragon Claw,Shadow Sneak,13,13,20,100000
Grimmsnarl,90.3,861,dark,fairy,175.3,116.4,174,3550096,34,2498,Sucker Punch,Foul Play,Play Rough,6,9,5,50000
Kyurem,90.3,646,dragon,ice,171,121.2,176,3648471,26,2500,Dragon Breath,Glaciate,Dragon Claw,10,13,20,100000
Trevenant (Shadow),90.3,709,ghost,grass,165.6,135.7,168,3775585,43.5,2500,Shadow Claw,Shadow Ball,Seed Bomb,7,5,5,75000
Cofagrigus,90.2,563,ghost,none,146.6,208.6,139,4251447,49.5,2497,Shadow Claw,Shadow Ball,Dark Pulse,7,7,3,50000
Kommo-o,90.2,784,dragon,fighting,159.8,178.1,137,3898756,28,2496,Dragon Tail,Clanging Scales,Upper Hand,4,4,5,75000
Cresselia (Shadow),90.1,488,psychic,none,121.9,201.7,207,5092108,33.5,2491,Confusion,Grass Knot,Moonblast,4,5,20,100000
Weezing (Galarian),90.1,110,poison,fairy,155.4,176.2,147,4025295,49,2500,Fairy Wind,Brutal Swing,Sludge,4,5,3,50000
Cradily (Shadow),90,346,rock,grass,140.3,175.6,180,4436127,50,2499,Acid,Rock Tomb,Grass Knot,7,7,3,50000
Scizor (Shadow),90,212,bug,steel,177.1,144.6,137,3507755,31,2494,Bullet Punch,Night Slash,Trailblaze,5,7,5,75000
Blastoise (Shadow),89.9,9,water,none,143.9,181.6,166,4337825,45.5,2498,Rollout,Hydro Cannon,Ice Beam,4,5,3,10000
Cobalion,89.9,638,steel,fighting,146.1,180,162,4260018,31,2496,Double Kick,Sacred Sword,Stone Edge,3,5,20,100000
Dondozo,89.9,977,water,none,133.9,142.8,243,4646009,32,2495,Water Gun,Surf,Outrage,15,20,5,75000
Scizor,89.9,212,bug,steel,177.1,144.6,137,3507755,31,2494,Bullet Punch,Night Slash,Trailblaze,5,7,5,75000
Steelix (Shadow),89.9,208,steel,ground,126.6,238.2,163,4914537,48.5,2495,Thunder Fang,Psychic Fangs,Crunch,6,8,5,75000
Abomasnow (Shadow),89.8,460,grass,ice,152.9,145.4,183,4068528,50,2495,Powder Snow,Weather Ball (Ice),Energy Ball,5,7,3,50000
Weezing (Galarian) (Shadow),89.8,110,poison,fairy,155.4,176.2,147,4025295,49,2500,Fairy Wind,Brutal Swing,Sludge,4,5,3,50000
Jirachi,89.7,385,steel,psychic,155.5,154.8,166,3996896,27.5,2493,Confusion,Doom Desire,Aura Sphere,3,3,20,100000
Drapion (Shadow),89.6,452,poison,dark,150.9,178,153,4110687,46,2494,Poison Sting,Aqua Tail,Crunch,4,5,5,75000
Ninetales (Alolan),89.6,38,ice,fairy,151.5,172.2,158,4121225,47.5,2499,Powder Snow,Weather Ball (Ice),Dazzling Gleam,5,7,3,50000
Trevenant,89.6,709,ghost,grass,165.6,135.7,168,3775585,43.5,2500,Shadow Claw,Shadow Ball,Seed Bomb,7,5,5,75000
Bombirdier,89.5,962,flying,dark,164.7,150.8,152,3775735,45,2497,Sucker Punch,Fly,Rock Tomb,7,8,5,75000
Forretress (Shadow),89.5,205,bug,steel,144.9,182.4,163,4307907,48.5,2500,Volt Switch,Rock Tomb,Earthquake,4,5,5,75000
Ninetales (Shadow),89.5,38,fire,none,151.2,171.2,159,4116371,49,2498,Ember,Weather Ball (Fire),Overheat,4,7,3,50000
Sandslash (Alolan),89.5,28,ice,steel,149.8,171.4,162,4159285,47.5,2498,Powder Snow,Ice Punch,Drill Run,5,6,3,50000
Gourgeist (Super),89.4,711,ghost,grass,147.5,170.5,168,4222720,40.5,2495,Incinerate,Shadow Ball,Seed Bomb,3,2,5,75000
Annihilape (Shadow),89.3,979,fighting,ghost,159,135.7,181,3907139,28,2497,Counter,Rage Fist,Ice Punch,6,7,3,50000
Tentacruel,89.3,73,water,poison,141.2,185.2,169,4416829,48,2499,Poison Sting,Scald,Payback,6,7,3,50000
Goodra,89.1,706,dragon,none,153.3,175.1,151,4051325,26,2493,Dragon Breath,Aqua Tail,Power Whip,9,13,5,75000
Skeledirge,89.1,911,fire,ghost,156.5,141.8,180,3994643,30.5,2500,Incinerate,Torch Song,Shadow Ball,3,3,3,10000
Abomasnow,89,460,grass,ice,152.9,145.4,183,4068528,50,2495,Powder Snow,Weather Ball (Ice),Energy Ball,5,7,3,50000
Samurott (Shadow),89,503,water,none,165.1,130.7,175,3777696,35.5,2498,Fury Cutter,Hydro Cannon,Megahorn,10,14,3,10000
Seaking,89,119,water,none,159.7,136.1,172,3738228,50,2444,Peck,Drill Run,Icy Wind,6,6,3,50000
Ninetales,88.9,38,fire,none,151.2,171.2,159,4116371,49,2498,Ember,Weather Ball (Fire),Overheat,4,7,3,50000
Gyarados (Shadow),88.8,130,water,flying,168,138.1,160,3712677,27,2500,Dragon Breath,Aqua Tail,Crunch,9,12,1,10000
Stunfisk,88.8,618,ground,electric,133.6,156.3,214,4468817,50,2445,Thunder Shock,Mud Bomb,Discharge,5,5,5,75000
Crustle (Shadow),88.6,558,bug,rock,155.1,172.9,150,4021778,43.5,2499,Fury Cutter,X-Scissor,Rock Wrecker,10,13,1,10000
Drifblim (Shadow),88.6,426,ghost,flying,153.2,97.4,272,4061233,48.5,2496,Hex,Shadow Ball,Icy Wind,4,4,5,75000
Gyarados,88.6,130,water,flying,168,138.1,160,3712677,27,2500,Dragon Breath,Aqua Tail,Crunch,9,12,1,10000
Miltank,88.5,241,normal,none,136.1,173.1,194,4571437,50,2495,Rollout,Body Slam,Ice Beam,3,5,5,75000
Gourgeist (Large),88.4,711,ghost,grass,148.3,179.1,158,4195581,44,2494,Incinerate,Shadow Ball,Seed Bomb,3,2,5,75000
Raikou (Shadow),88.4,243,electric,none,171.2,138.9,151,3591755,26.5,2487,Thunder Shock,Wild Charge,Aura Sphere,5,5,20,100000
Gourgeist (Average),88.3,711,ghost,grass,149.5,189.6,147,4167554,49,2496,Incinerate,Shadow Ball,Seed Bomb,3,2,5,75000
Yveltal,88.3,717,dark,flying,167.9,131.6,167,3690577,24.5,2496,Sucker Punch,Dark Pulse,Oblivion Wing,8,8,20,100000
Annihilape,88.2,979,fighting,ghost,159,135.7,181,3907139,28,2497,Counter,Rage Fist,Ice Punch,6,7,3,50000
Drifblim,88.2,426,ghost,flying,153.2,97.4,272,4061233,48.5,2496,Hex,Icy Wind,Shadow Ball,4,4,5,75000
Sandslash (Alolan) (Shadow),88.2,28,ice,steel,149.8,171.4,162,4159285,47.5,2498,Powder Snow,Ice Punch,Drill Run,5,6,3,50000
Talonflame,88.2,663,fire,flying,160.5,142.9,168,3851770,50,2493,Incinerate,Fly,Brave Bird,3,3,1,10000
Latias,88.1,380,dragon,psychic,160.2,178.1,136,3881268,26.5,2495,Dragon Breath,Mist Ball,Aura Sphere,15,10,20,100000
Raikou,88.1,243,electric,none,169.2,143,151,3653881,26.5,2488,Thunder Shock,Wild Charge,Aura Sphere,5,5,20,100000
Toedscruel,88.1,949,ground,grass,141.2,185.2,169,4416829,48,2499,Mud Slap,Seed Bomb,Wrap,4,5,3,50000
Bronzong,88,437,steel,psychic,147.1,189.9,152,4244816,50,2499,Confusion,Weather Ball (Water),Payback,3,5,3,50000
Cetitan,88,975,ice,none,153.8,100.1,262,4035354,29.5,2494,Powder Snow,Icicle Spear,Superpower,5,5,3,50000
Dragalge,88,691,poison,dragon,151.2,185.4,147,4121297,49,2496,Dragon Tail,Aqua Tail,Outrage,3,5,3,50000
Nidoqueen,87.9,31,poison,ground,150.5,152.1,181,4142930,45.5,2500,Mud Slap,Poison Fang,Stone Edge,4,6,3,50000
Tapu Fini,87.8,788,water,fairy,147.7,201.8,141,4204161,35,2498,Water Gun,Surf,Nature's Madness,15,17,20,100000
Giratina (Origin),87.7,487,ghost,dragon,154.3,134.3,195,4039334,25,2500,Shadow Claw,Shadow Ball,Dragon Pulse,7,7,20,100000
Zapdos (Shadow),87.7,145,electric,flying,177.4,132.9,147,3465841,25.5,2480,Thunder Shock,Drill Peck,Thunderbolt,5,7,20,100000
Lugia,87.6,249,psychic,flying,132.3,215.7,164,4679276,25,2495,Dragon Tail,Aeroblast,Fly,7,4,20,100000
Grumpig,87.5,326,psychic,none,147,168.7,171,4241751,49,2498,Psywave,Dynamic Punch,Shadow Ball,12,13,1,10000
Milotic (Shadow),87.5,350,water,none,145.2,172.6,171,4285417,31.5,2495,Dragon Tail,Aqua Tail,Wrap,3,4,5,75000
Amoonguss (Shadow),87.4,591,grass,poison,142.9,129.4,221,4085363,50,2420,Astonish,Foul Play,Grass Knot,4,5,3,50000
Hydreigon,87.4,635,dark,dragon,175,135.6,150,3559227,25,2498,Dragon Breath,Brutal Swing,Dragon Pulse,9,14,5,75000
Zapdos,87.3,145,electric,flying,176.1,134.2,149,3521675,25.5,2496,Thunder Shock,Drill Peck,Thunderbolt,5,7,20,100000
Ampharos,87.2,181,electric,none,163.7,137.8,169,3814313,35,2499,Volt Switch,Brutal Swing,Trailblaze,3,3,5,75000
Ampharos (Shadow),87.2,181,electric,none,163.7,137.8,169,3814313,35,2499,Volt Switch,Brutal Swing,Trailblaze,3,3,5,75000
Primeape,87.2,57,fighting,none,182.4,127.4,147,3416160,48.5,2499,Karate Chop,Rage Fist,Close Combat,4,5,3,50000
Regice,87.2,378,ice,none,133.9,234.9,147,4623167,30,2488,Lock On,Thunder,Blizzard,12,15,20,100000
Registeel,87.2,379,steel,none,122.8,243.1,170,5073927,49,2498,Lock On,Focus Blast,Zap Cannon,15,16,20,100000
Grumpig (Shadow),87.1,326,psychic,none,147,168.7,171,4241751,49,2498,Psywave,Dynamic Punch,Shadow Ball,12,13,1,10000
Perrserker,87.1,863,steel,none,165.7,147.4,154,3762118,48.5,2497,Shadow Claw,Close Combat,Foul Play,6,5,3,50000
Tentacruel (Shadow),87.1,73,water,poison,141.2,185.2,169,4416829,48,2499,Poison Sting,Scald,Payback,6,7,3,50000
Umbreon,87.1,197,dark,none,118.5,214.3,194,4925267,50,2416,Snarl,Foul Play,Last Resort,4,5,5,75000
Genesect (Chill),87,649,bug,steel,181.9,147.2,127,3398909,27,2493,Fury Cutter,X-Scissor,Techno Blast (Chill),10,14,20,100000
Bellossom (Shadow),86.9,182,grass,none,151.6,166.6,163,4115043,48.5,2499,Acid,Leaf Blade,Dazzling Gleam,5,7,3,50000
Hippowdon (Shadow),86.9,450,ground,none,150,150.7,184,4160112,30,2500,Sand Attack,Weather Ball (Rock),Scorching Sands,9,13,3,50000
Primeape (Shadow),86.8,57,fighting,none,182.4,127.4,147,3416160,48.5,2499,Karate Chop,Rage Fist,Ice Punch,4,5,3,50000
Talonflame (Shadow),86.8,663,fire,flying,160.5,142.9,168,3851770,50,2493,Incinerate,Fly,Brave Bird,3,3,1,10000
Cofagrigus (Shadow),86.7,563,ghost,none,146.6,208.6,139,4251447,49.5,2497,Shadow Claw,Shadow Ball,Dark Pulse,7,7,3,50000
Genesect (Shock),86.7,649,bug,steel,181.9,147.2,127,3398909,27,2493,Fury Cutter,X-Scissor,Techno Blast (Shock),10,14,20,100000
Gogoat,86.7,673,grass,none,153.5,123.6,214,4057981,36,2496,Vine Whip,Leaf Blade,Rock Slide,5,6,3,50000
Amoonguss,86.6,591,grass,poison,142.9,129.4,221,4085363,50,2420,Astonish,Foul Play,Grass Knot,4,5,3,50000
Dodrio,86.6,85,normal,flying,184.9,129.1,141,3365031,48.5,2499,Peck,Drill Peck,Brave Bird,5,7,3,50000
Gourgeist (Small),86.6,711,ghost,grass,154.2,196,134,4049702,49.5,2499,Incinerate,Shadow Ball,Seed Bomb,3,2,5,75000
Solrock,86.6,338,rock,psychic,157.3,139.1,181,3959098,47.5,2497,Psywave,Weather Ball (Fire),Rock Slide,9,12,3,50000
Xerneas,86.6,716,fairy,none,167.9,131.6,167,3690577,24.5,2496,Geomancy,Close Combat,Moonblast,4,5,20,100000
Dudunsparce,86.5,982,normal,none,149.6,128.5,217,4171045,38,2499,Rollout,Body Slam,Drill Run,3,4,3,50000
Gliscor (Shadow),86.5,472,ground,flying,148.8,186.6,151,4194296,39.5,2500,Fury Cutter,Night Slash,Earthquake,9,17,5,75000
Milotic,86.5,350,water,none,145.2,172.6,171,4285417,31.5,2495,Dragon Tail,Aqua Tail,Wrap,3,4,5,75000
Ferrothorn,86.3,598,grass,steel,141.1,195.6,160,4416600,47,2497,Bullet Seed,Power Whip,Flash Cannon,4,6,3,75000
Gliscor,86.3,472,ground,flying,148.8,186.6,151,4194296,39.5,2500,Fury Cutter,Earthquake,Night Slash,17,9,5,75000
Palkia (Origin),86.3,484,water,dragon,184,146.2,126,3388341,21.5,2500,Dragon Breath,Aqua Tail,Draco Meteor,9,17,20,100000
Regirock,86.3,377,rock,none,133.9,234.9,147,4623167,30,2488,Lock On,Stone Edge,Focus Blast,11,15,20,100000
Registeel (Shadow),86.3,379,steel,none,124.2,240.3,167,4985042,46.5,2488,Lock On,Focus Blast,Zap Cannon,15,16,20,100000
Dhelmise,86.2,781,ghost,grass,177,144.1,138,3520234,32.5,2497,Shadow Claw,Shadow Ball,Brutal Swing,7,5,5,50000
Gholdengo,86.2,1000,steel,ghost,174.4,139,147,3561984,26,2499,Hex,Shadow Ball,Power Gem,4,4,5,10000
Hippowdon,86.2,450,ground,none,150,150.7,184,4160112,30,2500,Sand Attack,Weather Ball (Rock),Scorching Sands,9,13,3,50000
Palkia,86.2,484,water,dragon,182.6,144.1,129,3395180,23,2493,Dragon Breath,Aqua Tail,Draco Meteor,9,17,20,100000
Blaziken (Shadow),86.1,257,fire,fighting,185.1,117.9,154,3361194,34,2495,Ember,Aura Sphere,Blast Burn,5,6,3,10000
Decidueye,86.1,724,grass,ghost,165.5,149.2,153,3777731,37,2500,Astonish,Frenzy Plant,Spirit Shackle,5,4,3,10000
Latias (Shadow),86,380,dragon,psychic,163.5,171.7,136,3816412,26,2499,Dragon Breath,Mist Ball,Aura Sphere,15,10,20,100000
Genesect (Burn),85.8,649,bug,steel,181.9,147.2,127,3398909,27,2493,Fury Cutter,X-Scissor,Techno Blast (Burn),10,14,20,100000
Nidoqueen (Shadow),85.8,31,poison,ground,150.5,152.1,181,4142930,45.5,2500,Mud Slap,Poison Fang,Stone Edge,4,6,3,50000
Skuntank (Shadow),85.8,435,poison,dark,158,122.7,204,3953754,50,2500,Poison Jab,Crunch,Trailblaze,7,7,3,50000
Mew,85.7,151,psychic,none,155.5,154.8,166,3996896,27.5,2493,Shadow Claw,Psyshock,Wild Charge,5,6,20,100000
Pangoro,85.7,675,fighting,dark,172.4,120.7,173,3601186,33,2493,Karate Chop,Close Combat,Night Slash,5,4,3,50000
Skuntank,85.7,435,poison,dark,158,122.7,204,3953754,50,2500,Poison Jab,Crunch,Trailblaze,7,7,3,50000
Venusaur,85.6,3,grass,poison,157.3,158.1,159,3955892,38,2500,Vine Whip,Frenzy Plant,Sludge,6,5,3,10000
Genesect (Douse),85.5,649,bug,steel,181.9,147.2,127,3398909,27,2493,Fury Cutter,X-Scissor,Techno Blast (Douse),10,14,20,100000
Lunatone,85.5,337,rock,psychic,157.3,139.1,181,3959098,47.5,2497,Psywave,Weather Ball (Ice),Rock Slide,9,12,3,50000
Venusaur (Shadow),85.5,3,grass,poison,157.3,158.1,159,3955892,38,2500,Vine Whip,Frenzy Plant,Sludge,6,5,3,10000
Aromatisse,85.3,683,fairy,none,152.7,135.3,198,4091706,47,2499,Charm,Psyshock,Moonblast,5,8,3,50000
Bellossom,85.3,182,grass,none,151.6,166.6,163,4115043,48.5,2499,Acid,Leaf Blade,Dazzling Gleam,5,7,3,50000
Dialga (Origin),85.3,483,steel,dragon,173.6,149.7,137,3560684,22,2487,Dragon Breath,Roar of Time,Iron Head,17,13,20,100000
Torterra,85.3,389,grass,ground,155.1,152.8,170,4028001,33.5,2500,Mud Slap,Frenzy Plant,Stone Edge,5,6,3,10000
Victreebel (Shadow),85.3,71,grass,poison,173.6,123.4,167,3578349,46.5,2492,Acid,Leaf Blade,Sludge Bomb,5,7,3,50000
Avalugg,85.2,713,ice,none,143.9,183.4,164,4328663,29,2495,Ice Fang,Icy Wind,Crunch,8,8,3,50000
Lokix,85.2,920,bug,dark,173.8,131.6,156,3569405,47.5,2494,Sucker Punch,X-Scissor,Trailblaze,6,7,1,50000
Scrafty,85.2,560,dark,fighting,146.6,196,148,4254027,49.5,2499,Counter,Foul Play,Thunder Punch,7,7,3,50000
Typhlosion (Shadow),85.2,157,fire,none,171.5,140.6,151,3640809,34,2500,Incinerate,Blast Burn,Thunder Punch,3,2,3,10000
Magnezone,85.1,462,electric,steel,173.3,156.9,132,3589120,28.5,2500,Volt Switch,Wild Charge,Mirror Shot,3,3,3,50000
Sandslash,85.1,28,ground,none,155.8,157.5,163,4000765,49.5,2499,Sand Attack,Night Slash,Rock Tomb,9,13,3,50000
Machamp (Shadow),85,68,fighting,none,174.1,127.3,161,3569589,30,2498,Karate Chop,Cross Chop,Rock Slide,4,5,3,50000
Thievul,85,828,dark,none,157.1,150.4,157,3710761,50,2415,Sucker Punch,Night Slash,Play Rough,5,9,1,10000
Toxicroak (Shadow),85,454,poison,fighting,174.8,120.3,169,3552699,44.5,2498,Poison Sting,Dynamic Punch,Shadow Ball,5,6,3,50000
Sylveon,84.9,700,fairy,none,152.2,159.5,169,4102727,30,2498,Charm,Moonblast,Psyshock,8,5,5,75000
Victini,84.9,494,psychic,fire,155.5,154.8,166,3996896,27.5,2493,Confusion,V-Create,Psyshock,3,3,20,100000
Lucario,84.8,448,fighting,steel,186.3,123.4,145,3332518,37.5,2492,Force Palm,Aura Sphere,Shadow Ball,4,5,5,75000
Melmetal,84.8,809,steel,none,155.2,138.3,187,4012293,25.5,2498,Thunder Shock,Double Iron Bash,Superpower,4,5,20,100000
Pawmot,84.8,923,electric,fighting,187.1,120.5,148,3336944,40.5,2500,Thunder Shock,Brick Break,Wild Charge,5,5,3,75000
Politoed (Shadow),84.8,186,water,none,146.8,159.1,182,4252767,46,2499,Mud Shot,Weather Ball (Water),Blizzard,5,10,3,50000
Meganium (Shadow),84.7,154,grass,none,143.2,179.9,169,4354660,48.5,2497,Vine Whip,Frenzy Plant,Earthquake,6,9,3,10000
Primarina,84.7,730,water,fairy,169,149.1,146,3678176,28.5,2495,Charm,Disarming Voice,Hydro Cannon,6,5,3,10000
Typhlosion,84.7,157,fire,none,171.5,140.6,151,3640809,34,2500,Incinerate,Blast Burn,Thunder Punch,3,2,3,10000
Meganium,84.6,154,grass,none,143.2,179.9,169,4354660,48.5,2497,Vine Whip,Frenzy Plant,Earthquake,6,9,3,10000
Roserade,84.6,407,grass,poison,183.7,148.8,124,3388821,32,2497,Poison Sting,Weather Ball (Fire),Leaf Storm,4,7,3,50000
Swampert,84.6,260,water,ground,157.7,141.3,177,3944235,32,2499,Mud Shot,Hydro Cannon,Earthquake,5,9,3,10000
Victreebel,84.6,71,grass,poison,173.6,123.4,167,3578349,46.5,2492,Acid,Leaf Blade,Sludge Bomb,5,7,3,50000
Palossand,84.5,770,ghost,ground,150.2,157.6,175,4143492,47,2500,Astonish,Shadow Ball,Scorching Sands,5,5,3,50000
Swampert (Shadow),84.5,260,water,ground,157.7,141.3,177,3944235,32,2499,Mud Shot,Hydro Cannon,Earthquake,5,9,3,10000
Ferrothorn (Shadow),84.4,598,grass,steel,141.1,195.6,160,4416600,47,2497,Bullet Seed,Power Whip,Flash Cannon,4,6,3,75000
Greninja,84.4,658,water,dark,178.8,129.9,150,3483959,39.5,2498,Water Shuriken,Hydro Cannon,Night Slash,3,3,3,10000
Regirock (Shadow),84.4,377,rock,none,135.4,231.2,145,4538297,30,2483,Lock On,Stone Edge,Focus Blast,11,15,20,100000
Golurk (Shadow),84.3,623,ground,ghost,172.1,127.2,166,3633671,35,2500,Mud Slap,Shadow Punch,Dynamic Punch,4,5,5,75000
Kingambit,84.3,983,dark,steel,163.6,145.6,160,3812498,25,2500,Metal Sound,Foul Play,Focus Blast,5,10,5,75000
Ursaring (Shadow),84.3,217,normal,none,179.3,118.3,164,3476626,32,2499,Shadow Claw,Swift,Close Combat,5,6,3,50000
Dragonite (Shadow),84.2,149,dragon,flying,175.4,139.4,145,3545000,24,2495,Dragon Breath,Thunder Punch,Superpower,10,10,5,75000
Incineroar,84.2,727,fire,dark,161.5,140.7,170,3864062,31.5,2500,Snarl,Brutal Swing,Blast Burn,3,4,3,10000
Electivire,84.1,466,electric,none,185,128.4,142,3374171,29.5,2500,Thunder Shock,Wild Charge,Ice Punch,5,5,5,75000
Stunfisk (Galarian),84.1,618,ground,steel,133.6,156.3,214,4468817,50,2445,Mud Shot,Rock Slide,Earthquake,6,9,5,75000
Uxie,84.1,480,psychic,none,131.6,229.6,157,4744783,46.5,2500,Confusion,Swift,Future Sight,3,5,20,100000
Glalie,84,362,ice,none,148.7,148.7,172,3804904,50,2380,Powder Snow,Avalanche,Shadow Ball,6,7,3,50000
Piloswine,84,221,ice,ground,159.3,125.4,196,3916342,47,2500,Powder Snow,Avalanche,Icicle Spear,6,5,3,50000
Donphan,83.9,232,ground,none,160.8,147.6,163,3868258,31,2494,Mud Slap,Body Slam,Trailblaze,4,5,3,50000
Electivire (Shadow),83.9,466,electric,none,185,128.4,142,3374171,29.5,2500,Thunder Shock,Wild Charge,Ice Punch,5,5,5,75000
Latios (Shadow),83.8,381,dragon,psychic,180.6,144,131,3406724,24,2485,Dragon Breath,Aura Sphere,Luster Purge,10,15,20,100000
Lurantis,83.6,754,grass,none,162.7,152.8,154,3828817,48,2499,Leafage,Leaf Blade,Superpower,5,5,3,50000
Armarouge,83.5,936,fire,psychic,169.7,142.6,151,3655686,28.5,2492,Incinerate,Psyshock,Flame Charge,2,3,5,50000
Dachsbun,83.4,927,fairy,none,146.2,190.7,137,3820889,50,2370,Charm,Body Slam,Psychic Fangs,5,5,3,50000
Wailord,83.4,321,water,none,155.7,84.9,301,3981930,48.5,2492,Rollout,Surf,Blizzard,4,6,1,10000
Gallade,83.3,475,psychic,fighting,175.6,151.6,133,3541430,29.5,2498,Confusion,Close Combat,Leaf Blade,4,3,5,75000
Piloswine (Shadow),83.3,221,ice,ground,159.3,125.4,196,3916342,47,2500,Powder Snow,Avalanche,Icicle Spear,6,5,3,50000
Salamence (Shadow),83.3,373,dragon,flying,185.9,119.8,151,3361091,24,2500,Dragon Tail,Fly,Brutal Swing,4,3,5,75000
Donphan (Shadow),83.2,232,ground,none,160.8,147.6,163,3868258,31,2494,Mud Slap,Body Slam,Trailblaze,4,5,3,50000
Morpeko (Full Belly),83.2,877,electric,dark,173.9,114.3,139,2763076,50,2196,Thunder Shock,Aura Wheel,Psychic Fangs,5,4,3,50000
Oinkologne (Female),83.2,916,normal,none,141.9,144.3,215,4401451,45,2500,Tackle,Body Slam,Trailblaze,12,15,1,10000
Toxicroak,83.2,454,poison,fighting,174.8,120.3,169,3552699,44.5,2498,Poison Sting,Dynamic Punch,Shadow Ball,5,6,3,50000
Arctibax,83.1,997,dragon,ice,158,120.2,186,3530820,50,2365,Dragon Breath,Avalanche,Dragon Claw,12,13,5,75000
Blaziken,83.1,257,fire,fighting,185.1,117.9,154,3361194,34,2495,Ember,Aura Sphere,Blast Burn,5,6,3,10000
Gallade (Shadow),83,475,psychic,fighting,175.6,151.6,133,3541430,29.5,2498,Confusion,Close Combat,Leaf Blade,4,3,5,75000
Urshifu (Single Strike),83,892,fighting,dark,176.5,125.6,158,3504394,24.5,2487,Sucker Punch,Payback,Dynamic Punch,9,7,20,100000
Vikavolt (Shadow),83,738,bug,electric,187.2,123.3,144,3325037,29.5,2498,Volt Switch,X-Scissor,Discharge,3,3,1,10000
Leavanny,82.9,542,bug,grass,166.7,143.6,156,3735388,41.5,2498,Shadow Claw,Leaf Blade,X-Scissor,5,5,1,10000
Magnezone (Shadow),82.9,462,electric,steel,173.3,156.9,132,3589120,28.5,2500,Volt Switch,Wild Charge,Mirror Shot,3,3,3,50000
Golurk,82.8,623,ground,ghost,172.1,127.2,166,3633671,35,2500,Mud Slap,Shadow Punch,Dynamic Punch,4,5,5,75000
Machamp,82.8,68,fighting,none,174.1,127.3,161,3569589,30,2498,Karate Chop,Cross Chop,Rock Slide,4,5,3,50000
Raichu,82.8,26,electric,none,174.8,139.5,142,3462012,50,2467,Thunder Shock,Brick Break,Wild Charge,5,5,1,10000
Sandslash (Shadow),82.8,28,ground,none,155.8,157.5,163,4000765,49.5,2499,Sand Attack,Rock Tomb,Night Slash,13,9,3,50000
Glalie (Shadow),82.7,362,ice,none,148.7,148.7,172,3804904,50,2380,Powder Snow,Avalanche,Shadow Ball,6,7,3,50000
Charizard (Shadow),82.6,6,fire,flying,171.5,140.6,151,3640809,34,2500,Dragon Breath,Blast Burn,Air Cutter,13,9,3,10000
Rapidash,82.6,78,fire,none,173.1,143.6,145,3602748,46,2498,Incinerate,Wild Charge,Flame Charge,3,3,3,50000
Baxcalibur,82.5,998,dragon,ice,175.4,123.4,164,3550894,25.5,2500,Dragon Breath,Avalanche,Dragon Claw,12,13,5,75000
Charizard,82.5,6,fire,flying,171.5,140.6,151,3640809,34,2500,Dragon Breath,Blast Burn,Air Cutter,13,9,3,10000
Samurott (Hisuian),82.5,503,water,dark,169.7,127.7,169,3661806,35.5,2498,Fury Cutter,Icy Wind,Dark Pulse,12,13,3,10000
Serperior,82.5,497,grass,none,144.9,182.4,163,4307907,48.5,2500,Vine Whip,Frenzy Plant,Aerial Ace,6,6,3,10000
Avalugg (Hisuian),82.4,713,ice,rock,151.3,172.6,158,4126031,26.5,2499,Powder Snow,Rock Slide,Icy Wind,6,6,3,50000
Drampa,82.4,780,normal,dragon,176.9,134,149,3531438,33.5,2499,Dragon Breath,Swift,Dragon Pulse,9,14,5,75000
Latios,82.4,381,dragon,psychic,178.7,144.6,134,3462530,24,2488,Dragon Breath,Aura Sphere,Luster Purge,10,15,20,100000
Raichu (Alolan),82.4,26,electric,psychic,177.9,138.7,142,3503169,49,2496,Thunder Shock,Trailblaze,Wild Charge,5,5,1,10000
Mamoswine,82.3,473,ice,ground,175.8,112.1,180,3547608,27.5,2497,Powder Snow,Icicle Spear,High Horsepower,5,8,3,50000
Regice (Shadow),82.3,378,ice,none,135.4,231.2,145,4538297,30,2483,Lock On,Thunder,Blizzard,12,15,20,100000
Suicune,82.3,245,water,none,137.6,185.9,176,4503233,32,2491,Ice Fang,Ice Beam,Scald,10,9,20,100000
Greedent,82.2,820,normal,none,137.4,143.3,230,4527437,49.5,2496,Mud Shot,Body Slam,Crunch,5,6,1,10000
Tapu Lele,82.2,786,psychic,fairy,179.8,151.2,126,3426352,26,2482,Astonish,Nature's Madness,Psyshock,5,4,20,100000
Dubwool,82.1,832,normal,none,146.2,179,160,4187141,50,2478,Double Kick,Body Slam,Payback,3,5,3,10000
Palkia (Shadow),82.1,484,water,dragon,185.1,145.4,124,3338805,23,2495,Dragon Breath,Aqua Tail,Draco Meteor,9,17,20,100000
Snorlax,82.1,143,normal,none,139.1,131.2,245,4470989,28.5,2495,Lick,Body Slam,Earthquake,12,22,5,75000
Magneton (Shadow),82,82,electric,steel,184.7,148.3,123,3369634,44,2496,Volt Switch,Magnet Bomb,Discharge,3,3,3,50000
Galvantula,81.9,596,bug,electric,181.5,120.2,157,3424193,50,2494,Volt Switch,Discharge,Lunge,3,3,3,50000
Hypno,81.9,97,psychic,none,133.6,174.8,178,4156705,50,2363,Confusion,Thunder Punch,Shadow Ball,3,4,3,50000
Poliwrath,81.9,62,water,fighting,148.9,158.5,177,4175005,42,2497,Counter,Icy Wind,Scald,8,9,3,50000
Tyranitar,81.9,248,rock,dark,166.9,142.7,157,3737922,24,2498,Dragon Breath,Brutal Swing,Stone Edge,9,14,5,75000
Chimecho,81.8,358,psychic,none,157.1,153.8,164,3962829,50,2500,Astonish,Psyshock,Shadow Ball,4,5,5,75000
Ho-Oh,81.8,250,fire,flying,158,167.7,147,3895786,23.5,2481,Incinerate,Brave Bird,Sacred Fire,3,4,20,100000
Slurpuff,81.8,685,fairy,none,153.8,149.6,174,4002111,50,2486,Fairy Wind,Flamethrower,Play Rough,7,7,3,50000
Altaria,81.7,334,dragon,flying,131.1,181.5,164,3902033,50,2266,Dragon Breath,Sky Attack,Flamethrower,13,14,1,10000
Gengar (Shadow),81.7,94,ghost,poison,199.4,123,127,3114404,33,2496,Shadow Claw,Shadow Punch,Sludge Bomb,5,7,3,50000
Decidueye (Hisuian),81.6,724,grass,fighting,164.1,141.5,164,3808339,33.5,2500,Psycho Cut,Aura Sphere,Trailblaze,5,5,3,10000
Genesect,81.6,649,bug,steel,181.9,147.2,127,3398909,27,2493,Fury Cutter,X-Scissor,Techno Blast (Normal),10,14,20,100000
Overqwil,81.6,904,dark,poison,168.8,137.4,159,3687314,32.5,2495,Poison Jab,Aqua Tail,Dark Pulse,5,8,5,75000
Altaria (Shadow),81.5,334,dragon,flying,131.1,181.5,164,3902033,50,2266,Dragon Breath,Sky Attack,Flamethrower,13,14,1,10000
Ceruledge,81.5,937,fire,ghost,175.5,143.9,141,3561055,29,2500,Incinerate,Shadow Ball,Flame Charge,3,3,5,50000
Hariyama,81.5,297,fighting,none,163,97.5,241,3828718,35,2500,Force Palm,Upper Hand,Heavy Slam,4,5,3,50000
Mudsdale,81.5,750,ground,none,160.8,136.5,177,3885464,31,2500,Mud Slap,Body Slam,Earthquake,4,7,3,50000
Mamoswine (Shadow),81.4,473,ice,ground,175.8,112.1,180,3547608,27.5,2497,Powder Snow,Icicle Spear,High Horsepower,5,8,3,50000
Poliwrath (Shadow),81.4,62,water,fighting,148.9,158.5,177,4175005,42,2497,Counter,Icy Wind,Scald,8,9,3,50000
Dragonite,81.2,149,dragon,flying,175.4,139.4,145,3545000,24,2495,Dragon Breath,Thunder Punch,Superpower,10,10,5,75000
Hariyama (Shadow),81.2,297,fighting,none,163,97.5,241,3828718,35,2500,Force Palm,Upper Hand,Heavy Slam,4,5,3,50000
Tyranitar (Shadow),81.2,248,rock,dark,166.9,142.7,157,3737922,24,2498,Dragon Breath,Brutal Swing,Stone Edge,9,14,5,75000
Kartana,81.1,798,grass,steel,218.4,128.2,102,2857040,25,2500,Fury Cutter,Leaf Blade,Sacred Sword,9,9,20,100000
Metagross,81.1,376,steel,psychic,171.5,158.4,134,3638776,24,2499,Shadow Claw,Meteor Mash,Earthquake,6,9,5,75000
Snorlax (Shadow),81.1,143,normal,none,139.1,131.2,245,4470989,28.5,2495,Lick,Body Slam,Earthquake,12,22,5,75000
Torterra (Shadow),81.1,389,grass,ground,155.1,152.8,170,4028001,33.5,2500,Mud Slap,Frenzy Plant,Sand Tomb,5,4,3,10000
Barbaracle,80.9,689,rock,water,156.1,171.8,149,3997799,39,2499,Fury Cutter,Cross Chop,Stone Edge,9,14,3,50000
Galvantula (Shadow),80.9,596,bug,electric,181.5,120.2,157,3424193,50,2494,Volt Switch,Discharge,Lunge,3,3,3,50000
Salamence,80.9,373,dragon,flying,185.9,119.8,151,3361091,24,2500,Dragon Tail,Fly,Brutal Swing,4,3,5,75000
Torkoal,80.9,324,fire,none,139.5,183.2,157,4011742,50,2366,Ember,Flame Wheel,Overheat,5,7,3,50000
Wailord (Shadow),80.9,321,water,none,155.7,84.9,301,3981930,48.5,2492,Rollout,Scald,Blizzard,4,6,1,10000
Chesnaught,80.8,652,grass,fighting,153.7,164.2,161,4063213,33,2500,Vine Whip,Frenzy Plant,Superpower,6,5,3,10000
Druddigon,80.8,621,dragon,none,169,141,155,3693771,38,2498,Dragon Tail,Night Slash,Rock Tomb,3,5,5,75000
Metagross (Shadow),80.8,376,steel,psychic,171.5,158.4,134,3638776,24,2499,Shadow Claw,Meteor Mash,Earthquake,6,9,5,75000
Politoed,80.7,186,water,none,146.8,159.1,182,4252767,46,2499,Mud Shot,Surf,Blizzard,6,10,3,50000
Sceptile (Shadow),80.7,254,grass,none,175.5,141.5,143,3551252,37,2496,Fury Cutter,Leaf Blade,Breaking Swipe,9,13,3,10000
Mr. Mime,80.5,122,psychic,fairy,173.4,183.5,113,3595651,49.5,2498,Psywave,Shadow Ball,Psychic,13,14,5,75000
Dialga,80.4,483,steel,dragon,178.1,142.6,137,3477820,22.5,2493,Dragon Breath,Iron Head,Draco Meteor,13,17,20,100000
Arcanine (Shadow),80.3,59,fire,none,170.4,132.1,163,3668546,31,2500,Fire Fang,Wild Charge,Psychic Fangs,8,6,3,50000
Froslass,80.3,478,ice,ghost,156.3,138.6,157,3402243,50,2306,Powder Snow,Avalanche,Shadow Ball,6,7,3,50000
Ursaring,80.3,217,normal,none,179.3,118.3,164,3476626,32,2499,Shadow Claw,Swift,Close Combat,5,6,3,50000
Weezing,80.2,110,poison,none,153.3,177.6,149,4057493,49.5,2495,Rollout,Sludge Bomb,Shadow Ball,4,4,3,50000
Zoroark (Hisuian),80.2,571,normal,ghost,209.5,112.2,126,2961798,39,2494,Shadow Claw,Shadow Ball,Foul Play,7,5,5,75000
Zygarde (50% Forme),80.2,718,dragon,ground,146.5,166.4,173,4217160,26.5,2487,Dragon Tail,Crunch,Earthquake,4,6,20,100000
Fearow,80.1,22,normal,flying,165.5,124.4,149,3067489,50,2257,Peck,Drill Peck,Drill Run,5,6,1,10000
Mismagius,80.1,429,ghost,none,171,159.1,134,3644477,41,2500,Hex,Shadow Ball,Dazzling Gleam,4,5,3,50000
Rapidash (Galarian),80.1,78,psychic,fairy,173.1,143.6,145,3602748,46,2498,Fairy Wind,Body Slam,Wild Charge,4,5,3,50000
Vikavolt,80.1,738,bug,electric,187.2,123.3,144,3325037,29.5,2498,Volt Switch,X-Scissor,Fly,3,3,1,10000
Bewear,80,760,normal,fighting,166.9,112.5,199,3734891,29.5,2499,Shadow Claw,Superpower,Payback,5,8,1,10000
Meowscarada,80,908,grass,dark,180.6,127.4,150,3451739,34.5,2498,Leafage,Night Slash,Frenzy Plant,5,6,3,10000
Electrode (Hisuian),79.9,101,electric,grass,160.5,160.5,142,3657833,50,2430,Thunder Shock,Wild Charge,Swift,5,4,3,50000
Magneton,79.9,82,electric,steel,184.7,148.3,123,3369634,44,2496,Volt Switch,Magnet Bomb,Discharge,3,3,3,50000
Articuno,79.8,144,ice,flying,144.6,185.2,160,4284411,31,2495,Ice Shard,Icy Wind,Ancient Power,5,5,20,100000
Starmie (Shadow),79.8,121,water,psychic,170.7,158,135,3640869,41.5,2498,Psywave,Surf,Power Gem,12,13,3,50000
Tauros (Aqua),79.8,128,fighting,water,163,158.4,148,3820775,35,2499,Double Kick,Aqua Jet,Trailblaze,4,4,3,50000
Lugia (Shadow),79.7,249,psychic,flying,134.9,212.9,160,4595122,24.5,2489,Dragon Tail,Fly,Future Sight,4,6,20,100000
Centiskorch,79.6,851,fire,bug,166.6,127.2,177,3750744,32,2499,Ember,Lunge,Crunch,5,5,5,75000
Clodsire,79.6,980,poison,ground,119.3,139.5,245,4077850,50,2207,Poison Sting,Stone Edge,Earthquake,7,8,3,50000
Deoxys (Defense),79.5,386,psychic,none,130.2,288.2,126,4730043,50,2490,Counter,Psycho Boost,Rock Slide,6,8,20,100000
Relicanth,79.5,369,water,rock,134.9,176.4,194,4616800,44.5,2497,Water Gun,Aqua Tail,Ancient Power,12,15,5,75000
Whimsicott,79.5,547,grass,fairy,150.4,160.5,142,3428021,50,2277,Fairy Wind,Moonblast,Seed Bomb,7,5,1,10000
Muk,79.4,89,poison,none,150,144.6,191,4142335,37,2497,Poison Jab,Thunder Punch,Dark Pulse,6,8,3,50000
Sceptile,79.4,254,grass,none,175.5,141.5,143,3551252,37,2496,Fury Cutter,Leaf Blade,Breaking Swipe,9,13,3,10000
Slowking (Galarian),79.4,199,poison,psychic,151.7,152.4,178,4115633,38.5,2500,Acid,Surf,Shadow Ball,6,7,3,50000
Toxtricity,79.4,849,electric,poison,181.3,122.5,155,3442304,41,2499,Acid,Wild Charge,Power-Up Punch,6,5,5,75000
Zamazenta (Crowned Shield),79.4,889,fighting,steel,160.4,187.3,129,3876467,22,2494,Ice Fang,Close Combat,Behemoth Bash,8,8,20,100000
Appletun,79.3,842,grass,dragon,150.2,131.2,211,4158863,47,2500,Astonish,Seed Bomb,Outrage,4,6,5,75000
Cacturne (Shadow),79.3,332,grass,dark,194,108.3,153,3214223,48.5,2499,Sucker Punch,Dynamic Punch,Trailblaze,7,7,3,50000
Krookodile,79.3,553,ground,dark,171.2,125.9,169,3641641,30,2497,Mud Slap,Crunch,Brick Break,5,4,5,75000
Weezing (Shadow),79.3,110,poison,none,155.4,176.2,147,4025295,49,2500,Rollout,Sludge Bomb,Shadow Ball,4,4,3,50000
Dipplin,79.2,1011,grass,dragon,147.8,166.2,171,4202497,49,2494,Dragon Tail,Seed Bomb,Outrage,4,5,5,75000
Machoke (Shadow),79.1,67,fighting,none,161.3,117.6,172,3264574,50,2296,Karate Chop,Cross Chop,Dynamic Punch,4,5,3,50000
Flapple,79,841,grass,dragon,178.3,129.2,152,3501510,45.5,2499,Dragon Breath,Fly,Seed Bomb,12,10,5,75000
Klefki,79,707,steel,fairy,147.1,163,137,3284196,50,2204,Astonish,Foul Play,Play Rough,4,6,3,50000
Muk (Shadow),79,89,poison,none,150,144.6,191,4142335,37,2497,Poison Jab,Dark Pulse,Thunder Punch,8,6,3,50000
Sinistcha,79,1013,grass,ghost,171.1,153.2,139,3643425,32,2497,Astonish,Shadow Ball,Energy Ball,5,6,3,50000
Slowbro (Galarian),79,80,poison,psychic,153,139.9,190,4067317,46.5,2495,Confusion,Brutal Swing,Sludge Bomb,3,4,3,50000
Durant,78.9,632,bug,steel,174,159.9,129,3588806,39.5,2500,Bug Bite,X-Scissor,Stone Edge,14,19,3,50000
Wyrdeer,78.9,899,normal,psychic,163,123.4,190,3820904,37.5,2496,Confusion,Wild Charge,Stomp,4,3,5,75000
Muk (Alolan),78.8,89,poison,dark,150,144.6,191,4142335,37,2497,Poison Jab,Dark Pulse,Acid Spray,8,7,3,50000
Starmie,78.8,121,water,psychic,170.7,158,135,3640869,41.5,2498,Psywave,Surf,Ice Beam,12,14,3,50000
Dewgong,78.7,87,water,ice,129.4,161.3,186,3883324,50,2245,Ice Shard,Icy Wind,Drill Run,5,5,3,50000
Solgaleo,78.7,791,psychic,steel,166.6,130.7,172,3744360,23,2499,Fire Spin,Psychic Fangs,Iron Head,4,5,20,100000
Tangrowth,78.7,465,grass,none,155.7,146.1,176,4002227,31,2498,Vine Whip,Power Whip,Rock Slide,7,6,3,50000
Cacturne,78.6,332,grass,dark,194,108.3,153,3214223,48.5,2499,Sucker Punch,Dynamic Punch,Trailblaze,7,7,3,50000
Shiftry,78.6,275,grass,dark,175,112.2,181,3554488,47,2497,Snarl,Leaf Blade,Foul Play,3,4,3,50000
Xatu (Shadow),78.6,178,psychic,flying,173.9,135.3,149,3506318,50,2474,Peck,Psyshock,Aerial Ace,5,6,3,50000
Escavalier,78.5,589,bug,steel,170.9,152.1,140,3637330,33.5,2499,Bug Bite,Razor Shell,Drill Run,12,15,3,50000
Hypno (Shadow),78.5,97,psychic,none,133.6,174.8,178,4156705,50,2363,Confusion,Thunder Punch,Ice Punch,3,3,3,50000
Mismagius (Shadow),78.5,429,ghost,none,171,159.1,134,3644477,41,2500,Hex,Shadow Ball,Dazzling Gleam,4,5,3,50000
Tapu Koko,78.5,785,electric,fairy,184.2,138.8,132,3375289,29,2496,Volt Switch,Thunderbolt,Nature's Madness,4,4,20,100000
Electrode (Shadow),78.4,101,electric,none,158,158,142,3543829,50,2373,Volt Switch,Foul Play,Discharge,3,3,3,50000
Gengar,78.3,94,ghost,poison,199.4,123,127,3114404,33,2496,Shadow Claw,Shadow Punch,Sludge Bomb,5,7,3,50000
Hawlucha,78.3,701,fighting,flying,164.7,138.2,166,3780354,47.5,2498,Poison Jab,Flying Press,Aerial Ace,6,7,5,75000
Aegislash (Shield),78.2,681,steel,ghost,94.1,241.2,142,3222976,50,1746,Psycho Cut,Shadow Ball,Flash Cannon,9,12,5,75000
Bruxish,78.2,779,water,psychic,176,132,152,3532211,48,2499,Confusion,Aqua Tail,Psychic Fangs,3,3,3,50000
Qwilfish (Hisuian),78.2,211,dark,poison,167.2,139.5,149,3475491,50,2415,Poison Jab,Aqua Tail,Dark Pulse,5,8,3,50000
Volcanion,78.2,721,fire,water,174.7,151.2,134,3539663,24,2488,Incinerate,Sludge Bomb,Overheat,3,3,20,100000
Celebi,78.1,251,psychic,grass,155.5,154.8,166,3996896,27.5,2493,Confusion,Seed Bomb,Aura Sphere,3,3,20,100000
Serperior (Shadow),78.1,497,grass,none,144.9,182.4,163,4307907,48.5,2500,Vine Whip,Frenzy Plant,Leaf Tornado,6,5,3,10000
Tapu Bulu,78.1,787,grass,fairy,176.3,154.8,129,3520684,27,2492,Bullet Seed,Grass Knot,Nature's Madness,4,4,20,100000
Tauros (Combat),78.1,128,fighting,none,163,158.4,148,3820775,35,2499,Double Kick,Close Combat,Trailblaze,4,4,3,50000
Claydol,78,344,ground,psychic,130.2,205,142,3792090,50,2229,Mud Slap,Ice Beam,Rock Tomb,6,5,3,50000
Tangrowth (Shadow),78,465,grass,none,155.7,146.1,176,4002227,31,2498,Vine Whip,Power Whip,Rock Slide,7,6,3,50000
Cryogonal,77.9,615,ice,none,149.4,177.9,157,4174746,36.5,2498,Ice Shard,Night Slash,Triple Axel,4,5,5,75000
Electrode,77.9,101,electric,none,158,158,142,3543829,50,2373,Volt Switch,Foul Play,Discharge,3,3,3,50000
Slowking,77.9,199,water,psychic,146.6,156.2,186,4258939,43,2498,Confusion,Surf,Blizzard,4,6,3,50000
Golduck (Shadow),77.8,55,water,none,160.4,144,168,3881276,46.5,2500,Confusion,Cross Chop,Liquidation,3,4,3,50000
Hitmontop,77.8,237,fighting,none,158,186.5,127,3742685,50,2438,Counter,Close Combat,Triple Axel,8,8,5,75000
Oinkologne,77.8,916,normal,none,151.1,133.6,204,4118651,41,2497,Tackle,Body Slam,Trailblaze,12,15,1,10000
Regieleki,77.8,894,electric,none,193.5,106.2,155,3184640,34.5,2486,Volt Switch,Thunder Cage,Hyper Beam,3,5,20,100000
Scyther (Shadow),77.8,123,bug,flying,172.9,143.3,145,3593674,38,2498,Fury Cutter,Night Slash,X-Scissor,9,10,5,75000
Vaporeon,77.8,134,water,none,151.6,127.7,211,4086079,29.5,2494,Water Gun,Aqua Tail,Liquidation,12,15,5,75000
Whiscash,77.8,340,water,ground,139.5,131.1,215,3931334,50,2346,Mud Shot,Mud Bomb,Scald,5,7,1,10000
Conkeldurr (Shadow),77.7,534,fighting,none,173,121.2,172,3606957,27.5,2500,Counter,Dynamic Punch,Brutal Swing,8,6,5,75000
Zekrom,77.7,644,dragon,electric,178.1,142.6,137,3477820,22.5,2493,Dragon Breath,Crunch,Wild Charge,12,12,20,100000
Delphox,77.6,655,fire,psychic,171.9,149.9,141,3633571,30.5,2500,Fire Spin,Psyshock,Blast Burn,4,5,3,10000
Froslass (Shadow),77.6,478,ice,ghost,156.3,138.6,157,3402243,50,2306,Powder Snow,Avalanche,Shadow Ball,6,7,3,50000
Keldeo (Resolute),77.6,647,water,fighting,177.4,134.8,145,3466877,24,2482,Poison Jab,Secret Sword,Aqua Jet,5,6,20,100000
Lanturn,77.6,171,water,electric,135.3,127.7,237,4095308,50,2357,Spark,Surf,Thunderbolt,7,8,3,50000
Meloetta (Aria),77.6,648,normal,psychic,164.7,150.2,151,3735910,22.5,2484,Confusion,Psyshock,Dazzling Gleam,3,4,20,100000
Suicune (Shadow),77.6,245,water,none,139.5,180.7,176,4434947,33,2493,Ice Fang,Scald,Ice Beam,9,10,20,100000
Golem (Alolan) (Shadow),77.5,76,rock,electric,160.6,159.1,152,3881936,32.5,2499,Volt Switch,Wild Charge,Rock Blast,3,3,1,10000
Obstagoon,77.5,862,dark,normal,145.4,165.2,178,4275315,40,2497,Counter,Night Slash,Cross Chop,6,6,3,10000
Sirfetch'd,77.5,865,fighting,none,186.7,140.7,127,3336898,31.5,2499,Fury Cutter,Leaf Blade,Close Combat,9,12,3,50000
Escavalier (Shadow),77.4,589,bug,steel,170.9,152.1,140,3637330,33.5,2499,Bug Bite,Drill Run,Razor Shell,15,12,3,50000
Enamorus (Incarnate),77.3,905,fairy,flying,198.5,121.5,130,3135062,27,2499,Fairy Wind,Fly,Dazzling Gleam,5,7,20,100000
Magmar,77.3,126,fire,none,174.4,140.3,146,3572144,48,2496,Karate Chop,Fire Punch,Scorching Sands,5,6,5,75000
Marshadow,77.3,802,fighting,ghost,180.6,133.5,142,3424219,24,2487,Sucker Punch,Close Combat,Ice Punch,7,6,20,100000
Shiftry (Shadow),77.3,275,grass,dark,175,112.2,181,3554488,47,2497,Snarl,Leaf Blade,Foul Play,3,4,3,50000
Whiscash (Shadow),77.3,340,water,ground,139.5,131.1,215,3931334,50,2346,Mud Shot,Mud Bomb,Scald,5,7,1,10000
Electabuzz (Shadow),77.2,125,electric,none,172.8,142.3,146,3590962,46.5,2494,Thunder Shock,Thunder Punch,Thunderbolt,5,7,5,75000
Golem (Alolan),77.2,76,rock,electric,160.6,159.1,152,3881936,32.5,2499,Volt Switch,Rock Blast,Wild Charge,3,3,1,10000
Grafaiai,77.2,945,poison,normal,176.2,137,146,3525041,49,2494,Mud Slap,Poison Fang,Sludge Bomb,4,5,3,50000
Hydrapple,77.2,1019,grass,dragon,157.6,141.2,178,3961526,28.5,2500,Dragon Tail,Seed Bomb,Outrage,4,5,5,75000
Muk (Alolan) (Shadow),77.1,89,poison,dark,150,144.6,191,4142335,37,2497,Poison Jab,Dark Pulse,Acid Spray,8,7,3,50000
Qwilfish (Shadow),77.1,211,water,poison,167.2,128.6,149,3203314,50,2318,Poison Sting,Aqua Tail,Ice Beam,4,7,3,50000
Reshiram,77.1,643,dragon,fire,178.1,142.6,137,3477820,22.5,2493,Dragon Breath,Crunch,Overheat,12,14,20,100000
Salazzle,77.1,758,poison,fire,189.6,116.7,149,3296524,44,2500,Incinerate,Poison Fang,Dragon Pulse,2,3,3,50000
Golduck,76.9,55,water,none,160.4,144,168,3881276,46.5,2500,Confusion,Cross Chop,Liquidation,3,4,3,50000
Machoke,76.9,67,fighting,none,161.3,117.6,172,3264574,50,2296,Karate Chop,Cross Chop,Dynamic Punch,4,5,3,50000
Mienshao,76.9,620,fighting,none,204.1,108.6,138,3060265,37.5,2500,Force Palm,Brutal Swing,Brick Break,4,4,3,50000
Emboar,76.8,500,fire,fighting,177,104.5,190,3513627,31.5,2496,Ember,Blast Burn,Rock Slide,6,5,3,10000
Excadrill,76.8,530,ground,steel,184.5,101.8,180,3380431,28,2499,Mud Slap,Drill Run,Rock Slide,5,5,3,50000
Obstagoon (Shadow),76.8,862,dark,normal,145.4,165.2,178,4275315,40,2497,Counter,Cross Chop,Night Slash,6,6,3,10000
Slowbro (Shadow),76.8,80,water,psychic,146.6,156.2,186,4258939,43,2498,Confusion,Drain Punch,Ice Beam,3,4,3,50000
Sneasler (Shadow),76.8,903,fighting,poison,187.6,121.2,146,3320034,28.5,2497,Shadow Claw,Close Combat,X-Scissor,6,5,5,75000
Wigglytuff,76.7,40,normal,fairy,143.7,88.2,260,3296306,50,2178,Charm,Disarming Voice,Icy Wind,6,6,1,10000
Emboar (Shadow),76.6,500,fire,fighting,177,104.5,190,3513627,31.5,2496,Ember,Blast Burn,Rock Slide,6,5,3,10000
Vespiquen,76.6,416,bug,flying,137.8,172.3,157,3727058,50,2267,Fury Cutter,X-Scissor,Power Gem,10,13,3,50000
Chandelure (Shadow),76.5,609,ghost,fire,194.4,137.1,120,3198985,28,2495,Incinerate,Shadow Ball,Flame Charge,3,3,5,75000
Electabuzz,76.5,125,electric,none,168.9,145.4,149,3658450,50,2490,Thunder Shock,Thunder Punch,Return,5,8,5,75000
Gothitelle,76.5,576,psychic,none,149.5,180.2,155,4173823,48,2499,Confusion,Rock Slide,Future Sight,4,5,3,50000
Kangaskhan,76.5,115,normal,none,148.1,144.1,197,4201613,42,2498,Mud Slap,Power-Up Punch,Outrage,4,6,3,50000
Magmar (Shadow),76.5,126,fire,none,174.4,140.3,146,3572144,48,2496,Karate Chop,Fire Punch,Scorching Sands,5,6,5,75000
Heatran,76.4,485,fire,steel,168.6,150.8,144,3660400,24.5,2491,Fire Spin,Magma Storm,Stone Edge,4,6,20,100000
Honchkrow,76.4,430,dark,flying,192.4,91.1,185,3243803,38,2500,Peck,Brave Bird,Dark Pulse,7,7,3,50000
Houndstone,76.4,972,ghost,none,154.4,170.7,153,4033071,44.5,2500,Lick,Shadow Ball,Psychic Fangs,17,12,3,50000
Lunala,76.4,792,psychic,ghost,166.6,130.7,172,3744360,23,2499,Shadow Claw,Shadow Ball,Moonblast,7,8,20,100000
Xatu,76.4,178,psychic,flying,173.9,135.3,149,3506318,50,2474,Peck,Psyshock,Aerial Ace,5,6,3,50000
Aggron,76.3,306,steel,rock,150.4,201.5,137,4151170,31.5,2498,Dragon Tail,Rock Tomb,Thunder,5,5,1,10000
Dialga (Shadow),76.3,483,steel,dragon,178.7,140.7,136,3418525,22.5,2479,Dragon Breath,Iron Head,Draco Meteor,13,17,20,100000
Togedemaru,76.3,777,electric,steel,172.3,134.4,149,3450872,50,2442,Thunder Shock,Fell Stinger,Wild Charge,4,5,3,50000
Tyrantrum,76.3,697,rock,dragon,167.6,148.7,149,3714646,29.5,2499,Dragon Tail,Rock Tomb,Crunch,5,4,5,75000
Claydol (Shadow),76.2,344,ground,psychic,130.2,205,142,3792090,50,2229,Mud Slap,Rock Tomb,Ice Beam,5,6,3,50000
Conkeldurr,76.2,534,fighting,none,173,121.2,172,3606957,27.5,2500,Counter,Dynamic Punch,Brutal Swing,8,6,5,75000
Eternatus,76.1,890,poison,dragon,174.4,123.1,166,3563597,20,2498,Dragon Tail,Dynamax Cannon,Sludge Bomb,4,5,20,100000
Skarmory,76.1,227,steel,flying,137,202.5,149,4132945,50,2383,Air Slash,Brave Bird,Sky Attack,7,6,5,75000
Pelipper,76,279,water,flying,159.7,158.8,142,3600580,50,2404,Wing Attack,Weather Ball (Water),Hurricane,5,10,3,50000
Pyroar,76,668,fire,normal,173.3,125.6,165,3590631,36.5,2499,Incinerate,Flame Charge,Dark Pulse,3,3,3,10000
Crawdaunt (Shadow),75.9,342,water,dark,185.9,128,141,3354969,45,2497,Snarl,Night Slash,Scald,3,4,3,50000
Furfrou,75.9,676,normal,none,150.4,152.9,164,3772567,50,2387,Sucker Punch,Surf,Grass Knot,7,8,5,75000
Granbull,75.9,210,fairy,none,173.4,116.4,178,3593029,42.5,2497,Charm,Close Combat,Crunch,6,6,3,50000
Ho-Oh (Shadow),75.9,250,fire,flying,161.2,163.8,145,3830681,23.5,2491,Incinerate,Brave Bird,Sacred Fire,3,4,20,100000
Staraptor (Shadow),75.9,398,normal,flying,181.3,117.6,161,3432542,34.5,2499,Quick Attack,Fly,Close Combat,6,6,1,10000
Thundurus (Incarnate),75.9,642,electric,flying,189.8,124.7,138,3266915,27.5,2490,Thunder Shock,Crunch,Thunder,5,7,20,100000
Gigalith,75.8,526,rock,none,164,154,150,3790163,28.5,2497,Mud Slap,Superpower,Meteor Beam,4,6,3,50000
Hitmonchan (Shadow),75.7,107,fighting,none,169.5,173.6,125,3678343,46.5,2497,Bullet Punch,Close Combat,Brick Break,7,6,5,75000
Magmortar (Shadow),75.7,467,fire,none,182,133.8,141,3433937,29,2500,Karate Chop,Fire Punch,Thunderbolt,5,7,5,75000
Slowbro,75.7,80,water,psychic,146.6,156.2,186,4258939,43,2498,Confusion,Drain Punch,Ice Beam,3,4,3,50000
Aerodactyl,75.6,142,rock,flying,172.7,132.8,157,3598891,36,2495,Dragon Breath,Rock Slide,Earth Power,12,14,5,75000
Beartic,75.6,614,ice,none,174.1,122.2,168,3574941,30,2497,Powder Snow,Ice Punch,Liquidation,5,6,3,50000
Articuno (Shadow),75.5,144,ice,flying,146.2,180,160,4211218,30.5,2488,Ice Shard,Triple Axel,Ancient Power,5,5,20,100000
Garganacl,75.5,934,rock,none,136.8,177.5,187,4540313,38.5,2496,Smack Down,Rock Tomb,Rock Blast,7,5,5,50000
Pinsir (Shadow),75.5,127,bug,none,180.7,144.9,132,3456032,32.5,2500,Fury Cutter,Close Combat,X-Scissor,12,10,5,75000
Zacian (Hero),75.5,888,fairy,none,169.5,161,134,3656567,24,2491,Snarl,Wild Charge,Close Combat,4,4,20,100000
Girafarig (Shadow),75.4,203,normal,psychic,165.5,124.4,157,3232186,50,2314,Confusion,Psychic Fangs,Trailblaze,3,4,3,50000
Pidgeot,75.4,18,normal,flying,152.1,142,176,3801427,50,2407,Gust,Air Cutter,Brave Bird,3,5,1,10000
Quagsire (Shadow),75.4,195,water,ground,140.3,132.8,194,3614465,50,2252,Mud Shot,Aqua Tail,Stone Edge,5,7,3,50000
Rotom (Fan),75.4,479,electric,flying,166.5,187.3,120,3740814,42,2495,Astonish,Thunderbolt,Ominous Wind,6,5,5,75000
Tauros (Blaze),75.4,128,fighting,fire,163,158.4,148,3820775,35,2499,Double Kick,Flame Charge,Trailblaze,5,4,3,50000
Exploud,75.2,295,normal,none,157.2,124.2,203,3963683,46.5,2497,Astonish,Crunch,Disarming Voice,5,5,1,10000
Heatran (Shadow),75.1,485,fire,steel,170.8,148.6,142,3603202,24,2480,Fire Spin,Magma Storm,Stone Edge,4,6,20,100000
Hitmontop (Shadow),75.1,237,fighting,none,158,186.5,127,3742685,50,2438,Counter,Close Combat,Triple Axel,8,8,5,75000
Scyther,75.1,123,bug,flying,172.9,143.3,145,3593674,38,2498,Fury Cutter,Night Slash,X-Scissor,9,10,5,75000
Darmanitan (Standard),75,555,fire,none,193.7,93.6,177,3209516,29.5,2498,Incinerate,Rock Slide,Overheat,3,3,3,50000
Pidgeot (Shadow),75,18,normal,flying,152.1,142,176,3801427,50,2407,Gust,Brave Bird,Air Cutter,5,3,1,10000
Rhyperior,75,464,ground,rock,162.7,134.9,175,3839674,24.5,2500,Mud Slap,Breaking Swipe,Rock Wrecker,5,5,3,50000
Swalot,75,317,poison,none,130.2,146.2,201,3827769,50,2236,Mud Shot,Sludge,Ice Beam,5,7,1,10000
Typhlosion (Hisuian),75,157,fire,ghost,179.3,137.4,141,3473115,30.5,2495,Ember,Fire Punch,Wild Charge,5,5,3,10000
Excadrill (Shadow),74.8,530,ground,steel,184.5,101.8,180,3380431,28,2499,Mud Slap,Drill Run,Rock Slide,5,5,3,50000
Honchkrow (Shadow),74.8,430,dark,flying,192.4,91.1,185,3243803,38,2500,Peck,Brave Bird,Dark Pulse,7,7,3,50000
Klinklang,74.8,601,steel,none,161.4,180.3,133,3871801,39.5,2500,Metal Sound,Mirror Shot,Zap Cannon,5,10,5,75000
Skarmory (Shadow),74.8,227,steel,flying,137,202.5,149,4132945,50,2383,Air Slash,Brave Bird,Sky Attack,7,6,5,75000
Sneasler,74.8,903,fighting,poison,187.6,121.2,146,3320034,28.5,2497,Shadow Claw,Close Combat,X-Scissor,6,5,5,75000
Girafarig,74.7,203,normal,psychic,165.5,124.4,157,3232186,50,2314,Confusion,Psychic Fangs,Trailblaze,3,4,3,50000
Jolteon,74.7,135,electric,none,178.3,147.4,133,3495268,34,2496,Volt Switch,Discharge,Last Resort,3,4,5,75000
Passimian,74.7,766,fighting,none,166.7,129.1,174,3745736,31,2499,Counter,Close Combat,Brick Break,8,7,3,75000
Pinsir,74.7,127,bug,none,180.7,144.9,132,3456032,32.5,2500,Fury Cutter,Close Combat,X-Scissor,12,10,5,75000
Qwilfish,74.7,211,water,poison,167.2,128.6,149,3203314,50,2318,Poison Sting,Aqua Tail,Ice Beam,4,7,3,50000
Zweilous (Shadow),74.7,634,dark,dragon,146.2,126,160,2948691,50,2079,Dragon Breath,Body Slam,Dark Pulse,9,13,5,75000
Cloyster,74.6,91,water,ice,153.3,217.6,122,4069878,42.5,2498,Ice Shard,Icy Wind,Hydro Pump,5,8,3,50000
Exploud (Shadow),74.6,295,normal,none,157.2,124.2,203,3963683,46.5,2497,Astonish,Crunch,Disarming Voice,5,5,1,10000
Hitmonchan,74.6,107,fighting,none,169.5,173.6,125,3678343,46.5,2497,Bullet Punch,Close Combat,Brick Break,7,6,5,75000
Aerodactyl (Shadow),74.5,142,rock,flying,172.7,132.8,157,3598891,36,2495,Dragon Breath,Rock Slide,Earth Power,12,14,5,75000
Entei,74.5,244,fire,none,165.7,125.8,180,3754219,26.5,2500,Fire Spin,Flame Charge,Scorching Sands,5,5,20,100000
Staraptor,74.5,398,normal,flying,181.3,117.6,161,3432542,34.5,2499,Quick Attack,Fly,Close Combat,6,6,1,10000
Slowking (Shadow),74.3,199,water,psychic,146.6,156.2,186,4258939,43,2498,Confusion,Surf,Blizzard,4,6,3,50000
Kyurem (White),74.1,646,dragon,ice,188.2,115.6,152,3306963,19.5,2500,Dragon Breath,Fusion Flare,Ice Burn,12,15,20,100000
Polteageist,74,855,ghost,none,185.1,149.3,122,3371139,30,2500,Hex,Shadow Ball,Dark Pulse,4,4,3,50000
Thundurus (Therian),74,642,electric,flying,201,115.6,133,3089807,25,2497,Volt Switch,Wildbolt Storm,Focus Blast,3,5,20,100000
Armaldo (Shadow),73.9,348,rock,bug,172.3,142.1,148,3622735,34,2499,Fury Cutter,Rock Blast,Liquidation,10,12,3,50000
Shelgon,73.9,372,dragon,none,157.1,142.9,149,3344610,50,2296,Dragon Breath,Crunch,Dragon Pulse,12,14,5,75000
Aggron (Shadow),73.8,306,steel,rock,150.4,201.5,137,4151170,31.5,2498,Dragon Tail,Rock Tomb,Thunder,5,5,1,10000
Golem,73.8,76,rock,ground,160.6,159.1,152,3881936,32.5,2499,Mud Slap,Stone Edge,Rock Blast,6,4,1,10000
Shelgon (Shadow),73.8,372,dragon,none,157.1,142.9,149,3344610,50,2296,Dragon Breath,Crunch,Dragon Pulse,12,14,5,75000
Stoutland,73.8,508,normal,none,160.7,149.3,162,3885672,35,2500,Sand Attack,Wild Charge,Crunch,12,12,1,10000
Celesteela,73.7,797,steel,flying,154.4,155.9,168,4042383,30,2500,Air Slash,Body Slam,Bulldoze,4,5,20,100000
Mantine,73.7,226,water,flying,137,202.5,149,4132945,50,2383,Wing Attack,Aerial Ace,Ice Beam,7,8,5,75000
Banette,73.6,354,ghost,none,188.5,118.1,148,3295702,49.5,2494,Shadow Claw,Shadow Ball,Dazzling Gleam,7,7,3,50000
Duraludon,73.6,884,steel,dragon,178.5,144.1,136,3499944,30,2500,Dragon Tail,Dragon Claw,Flash Cannon,5,6,5,75000
Magmortar,73.6,467,fire,none,182,133.8,141,3433937,29,2500,Karate Chop,Fire Punch,Thunderbolt,5,7,5,75000
Quagsire,73.6,195,water,ground,140.3,132.8,194,3614465,50,2252,Mud Shot,Aqua Tail,Stone Edge,5,7,3,50000
Darmanitan (Standard) (Shadow),73.4,555,fire,none,193.7,93.6,177,3209516,29.5,2498,Incinerate,Rock Slide,Overheat,3,3,3,50000
Kyurem (Black),73.4,646,dragon,ice,188.2,115.6,152,3306963,19.5,2500,Dragon Tail,Freeze Shock,Fusion Bolt,5,4,20,100000
Golem (Shadow),73.1,76,rock,ground,160.6,159.1,152,3881936,32.5,2499,Mud Slap,Stone Edge,Rock Blast,6,4,1,10000
Kleavor,73.1,900,bug,rock,185.6,136,133,3356394,29,2496,Fury Cutter,X-Scissor,Stone Edge,10,14,5,75000
Heracross,72.9,214,bug,fighting,172.7,140.8,148,3597541,29.5,2492,Counter,Upper Hand,Megahorn,7,10,3,50000
Marowak (Shadow),72.9,105,ground,none,133.6,168.9,142,3204426,50,2075,Mud Slap,Bone Club,Rock Slide,4,5,3,50000
Zangoose,72.9,335,normal,none,186,114.4,157,3338993,46.5,2493,Fury Cutter,Close Combat,Night Slash,12,9,3,50000
Crobat (Shadow),72.8,169,poison,flying,157,150.6,168,3972461,40.5,2497,Air Slash,Poison Fang,Shadow Ball,5,6,1,10000
Rotom (Wash),72.8,479,electric,water,166.5,187.3,120,3740814,42,2495,Thunder Shock,Thunderbolt,Hydro Pump,7,9,5,75000
Armaldo,72.7,348,rock,bug,172.3,142.1,148,3622735,34,2499,Fury Cutter,Rock Blast,Liquidation,10,12,3,50000
Granbull (Shadow),72.7,210,fairy,none,173.4,116.4,178,3593029,42.5,2497,Charm,Close Combat,Crunch,6,6,3,50000
Landorus (Therian),72.7,645,ground,flying,189,124.3,139,3265008,23,2484,Mud Shot,Sandsear Storm,Stone Edge,6,7,20,100000
Luxray,72.6,405,electric,none,177.6,128.7,153,3498460,33.5,2497,Snarl,Wild Charge,Psychic Fangs,4,3,5,75000
Seismitoad,72.6,537,water,ground,154.1,132.5,198,4042679,42.5,2498,Mud Shot,Earth Power,Sludge Bomb,7,7,3,50000
Tsareena,72.6,763,grass,none,168.1,156.2,141,3702089,32,2497,Magical Leaf,Triple Axel,High Jump Kick,5,6,3,10000
Lopunny,72.5,428,normal,none,143.7,175.6,149,3760083,50,2328,Double Kick,Triple Axel,Fire Punch,4,4,3,50000
Fraxure,72.4,611,dragon,none,189.1,116,150,3288680,50,2496,Dragon Tail,Aqua Tail,Night Slash,3,3,5,75000
Hatterene,72.4,858,psychic,fairy,182.8,149.5,124,3388172,34.5,2493,Charm,Psyshock,Power Whip,5,7,5,50000
Heatmor,72.4,631,fire,none,172.2,119.2,176,3612379,47.5,2496,Fire Spin,Flamethrower,Thunder Punch,6,4,3,50000
Scolipede (Shadow),72.4,545,bug,poison,170.3,154.7,139,3662145,46.5,2497,Poison Sting,X-Scissor,Sludge Bomb,5,6,1,10000
Zweilous,72.4,634,dark,dragon,146.2,126,160,2948691,50,2079,Dragon Breath,Body Slam,Dark Pulse,9,13,5,75000
Cloyster (Shadow),72.2,91,water,ice,153.3,217.6,122,4069878,42.5,2498,Ice Shard,Icy Wind,Hydro Pump,5,8,3,50000
Kecleon,72.2,352,normal,none,147.9,171.4,142,3599979,50,2314,Sucker Punch,Foul Play,Ice Beam,6,8,5,75000
Mightyena (Shadow),72.2,262,dark,none,156.3,123.5,157,3031089,50,2177,Sucker Punch,Crunch,Poison Fang,7,6,1,10000
Weavile,72.2,461,dark,ice,183,136.3,137,3416806,31.5,2500,Snarl,Avalanche,Foul Play,4,4,3,50000
Infernape,72.1,392,fire,fighting,176.8,129.3,154,3520907,38,2496,Fire Spin,Close Combat,Blast Burn,5,5,3,10000
Mightyena,72.1,262,dark,none,156.3,123.5,157,3031089,50,2177,Sucker Punch,Crunch,Poison Fang,7,6,1,10000
Rotom (Heat),72.1,479,electric,fire,166.5,187.3,120,3740814,42,2495,Thunder Shock,Overheat,Thunderbolt,7,7,5,75000
Articuno (Galarian),72,144,psychic,flying,172,140.3,149,3596327,25.5,2487,Psycho Cut,Fly,Brave Bird,5,7,20,100000
Crawdaunt,72,342,water,dark,185.9,128,141,3354969,45,2497,Snarl,Night Slash,Crabhammer,3,4,3,50000
Leafeon,72,470,grass,none,164.4,174,132,3776436,32,2495,Bullet Seed,Leaf Blade,Last Resort,3,5,5,75000
Rhyperior (Shadow),72,464,ground,rock,162.7,134.9,175,3839674,24.5,2500,Mud Slap,Rock Wrecker,Breaking Swipe,5,5,3,50000
Banette (Shadow),71.9,354,ghost,none,191.2,116.7,146,3258658,47.5,2500,Shadow Claw,Shadow Ball,Dazzling Gleam,7,7,3,50000
Manectric,71.9,310,electric,none,187,116.5,153,3333190,46,2500,Snarl,Wild Charge,Psychic Fangs,4,3,3,50000
Terrakion,71.9,639,rock,fighting,177.7,133.6,148,3512695,25,2500,Double Kick,Sacred Sword,Rock Slide,3,4,20,100000
Garchomp,71.8,445,dragon,ground,169.8,133.3,162,3664965,23,2495,Dragon Tail,Earth Power,Breaking Swipe,5,5,5,75000
Venomoth (Shadow),71.8,49,bug,poison,163,132.8,157,3398030,50,2354,Psywave,Poison Fang,Silver Wind,10,12,3,50000
Gothitelle (Shadow),71.7,576,psychic,none,149.5,180.2,155,4173823,48,2499,Confusion,Rock Slide,Future Sight,4,5,3,50000
Scolipede,71.7,545,bug,poison,170.3,154.7,139,3662145,46.5,2497,Poison Sting,X-Scissor,Sludge Bomb,5,6,1,10000
Weavile (Shadow),71.7,461,dark,ice,183,136.3,137,3416806,31.5,2500,Snarl,Avalanche,Foul Play,4,4,3,50000
Camerupt,71.6,323,fire,ground,175.6,126.9,157,3498579,50,2479,Incinerate,Earth Power,Overheat,3,3,3,50000
Crobat,71.6,169,poison,flying,157,150.6,168,3972461,40.5,2497,Air Slash,Poison Fang,Shadow Ball,5,6,1,10000
Lairon,71.6,305,steel,rock,145.4,179,142,3694731,50,2324,Metal Sound,Rock Tomb,Rock Slide,7,6,1,10000
Venomoth,71.6,49,bug,poison,163,132.8,157,3398030,50,2354,Psywave,Poison Fang,Silver Wind,10,12,3,50000
Eelektross,71.5,604,electric,none,172.1,130.1,162,3627636,38,2499,Volt Switch,Dragon Claw,Thunderbolt,4,4,1,10000
Gurdurr,71.5,533,fighting,none,163.9,125.2,178,3651822,50,2452,Poison Jab,Brick Break,Stone Edge,6,8,5,75000
Zarude,71.5,893,dark,grass,163.8,147,157,3781239,23.5,2491,Vine Whip,Dark Pulse,Power Whip,7,7,20,100000
Buzzwole,71.4,794,bug,fighting,165,144.4,158,3765881,26.5,2499,Counter,Superpower,Lunge,7,8,20,100000
Dedenne,71.4,702,electric,fairy,150.4,125.2,152,2862540,50,2081,Thunder Shock,Discharge,Parabolic Charge,5,6,3,50000
Urshifu (Rapid Strike),71.4,892,fighting,water,176.5,125.6,158,3504394,24.5,2487,Counter,Aqua Jet,Dynamic Punch,7,8,20,100000
Marowak,71.3,105,ground,none,133.6,168.9,142,3204426,50,2075,Mud Slap,Bone Club,Rock Slide,4,5,3,50000
Shiinotic,71.3,756,grass,fairy,142,153.8,142,3100951,50,2104,Astonish,Moonblast,Seed Bomb,6,4,3,50000
Tauros,71.1,128,normal,none,160.1,156.2,155,3876867,40.5,2494,Tackle,Trailblaze,Horn Attack,15,12,3,50000
Cursola,71,864,ghost,none,188,144.1,122,3306932,30,2495,Astonish,Night Shade,Power Gem,5,5,3,50000
Zapdos (Galarian),71,145,fighting,flying,174.7,136.3,149,3547372,25.5,2490,Counter,Fly,Brave Bird,8,10,20,100000
Exeggutor (Alolan),70.9,103,grass,dragon,173.4,122.9,169,3602554,30,2499,Dragon Tail,Seed Bomb,Draco Meteor,4,6,3,50000
Flygon (Shadow),70.9,330,ground,dragon,165.2,141.5,162,3785283,40,2500,Dragon Tail,Dragon Claw,Sand Tomb,5,4,5,75000
Garchomp (Shadow),70.9,445,dragon,ground,169.8,133.3,162,3664965,23,2495,Dragon Tail,Breaking Swipe,Earth Power,5,5,5,75000
Vileplume,70.9,45,grass,poison,165.7,145.7,156,3764194,42,2497,Acid,Sludge Bomb,Moonblast,7,8,3,50000
Zamazenta (Hero),70.9,889,fighting,none,169.5,161,134,3656567,24,2491,Snarl,Close Combat,Crunch,4,4,20,100000
Zoroark,70.9,571,dark,none,202.6,113.3,134,3076233,41.5,2497,Shadow Claw,Foul Play,Night Shade,5,6,5,75000
Espeon,70.8,196,psychic,none,191.1,135.5,126,3263202,28.5,2499,Confusion,Psychic Fangs,Shadow Ball,3,4,5,75000
Vanilluxe,70.8,584,ice,none,169.7,152.1,142,3666347,35.5,2496,Astonish,Avalanche,Flash Cannon,5,7,3,50000
Diancie,70.7,719,rock,fairy,154.6,228.5,114,4026566,35,2497,Rock Throw,Rock Slide,Moonblast,9,12,20,100000
Heliolisk,70.6,695,electric,normal,177.6,144.3,137,3510521,40.5,2498,Volt Switch,Breaking Swipe,Parabolic Charge,4,4,3,50000
Hitmonlee (Shadow),70.6,106,fighting,none,182.5,156.1,120,3417089,42,2497,Double Kick,Close Combat,Brick Break,4,4,5,75000
Porygon2,70.5,233,normal,none,157.3,151.9,165,3943391,38,2497,Lock On,Tri Attack,Zap Cannon,10,16,3,50000
Flygon,70.3,330,ground,dragon,165.2,141.5,162,3785283,40,2500,Dragon Tail,Dragon Claw,Sand Tomb,5,4,5,75000
Alomomola,70.2,594,water,none,128.6,122.7,296,4668794,50,2452,Waterfall,Hydro Pump,Blizzard,10,10,5,75000
Bisharp,70.2,625,dark,steel,179,144.9,134,3476247,34.5,2497,Snarl,Dark Pulse,Iron Head,4,4,5,75000
Dragapult,70.2,887,dragon,ghost,183.9,126,146,3383708,26,2498,Dragon Tail,Shadow Ball,Outrage,5,5,5,75000
Huntail,70.2,367,water,none,172.3,159.1,132,3618598,46,2497,Water Gun,Aqua Tail,Crunch,12,15,3,50000
Marowak (Alolan),70.2,105,fire,ghost,133.6,168.9,142,3204426,50,2075,Hex,Bone Club,Flame Wheel,3,4,3,50000
Rotom (Frost),70.2,479,electric,ice,166.5,187.3,120,3740814,42,2495,Thunder Shock,Thunderbolt,Blizzard,7,9,5,75000
Hitmonlee,70.1,106,fighting,none,182.5,156.1,120,3417089,42,2497,Double Kick,Close Combat,Brick Break,4,4,5,75000
Noctowl,70.1,164,normal,flying,134.4,143.7,201,3883121,50,2288,Wing Attack,Shadow Ball,Sky Attack,8,8,1,10000
Octillery,70.1,224,water,none,173.5,129.5,160,3596341,48,2500,Lock On,Water Pulse,Aurora Beam,10,12,1,10000
Braviary,70,628,normal,flying,172.7,120.4,174,3619092,29.5,2500,Air Slash,Fly,Close Combat,5,5,5,75000
Breloom,70,286,grass,fighting,193.6,124.1,134,3219249,40,2499,Force Palm,Dynamic Punch,Grass Knot,5,5,3,50000
Entei (Shadow),70,244,fire,none,168.2,122.6,179,3692556,26,2498,Fire Spin,Flame Charge,Scorching Sands,5,5,20,100000
Blissey,69.9,242,normal,none,104.4,144.4,397,5981326,39,2498,Zen Headbutt,Wild Charge,Dazzling Gleam,8,10,5,75000
Falinks,69.9,870,fighting,none,165,154.2,148,3765567,49.5,2495,Counter,Superpower,Megahorn,7,10,5,75000
Tropius,69.8,357,grass,flying,126.9,149.6,199,3776755,50,2194,Air Slash,Leaf Blade,Brutal Swing,4,4,5,75000
Gardevoir (Shadow),69.7,282,psychic,fairy,175.6,151.6,133,3541430,29.5,2498,Charm,Triple Axel,Shadow Ball,6,7,5,75000
Bouffalant,69.6,626,normal,none,153.3,150.2,177,4075470,36.5,2500,Mud Shot,Stomp,Megahorn,5,7,3,50000
Gardevoir,69.6,282,psychic,fairy,175.6,151.6,133,3541430,29.5,2498,Charm,Triple Axel,Shadow Ball,6,7,5,75000
Sawk (Shadow),69.6,539,fighting,none,181.2,127.7,149,3446595,35.5,2499,Poison Jab,Brick Break,Body Slam,6,5,5,75000
Tyrantrum (Shadow),69.6,697,rock,dragon,167.6,148.7,149,3714646,29.5,2499,Dragon Tail,Meteor Beam,Rock Tomb,5,5,5,75000
Cherrim (Sunshine),69.5,421,grass,none,155.5,141.2,157,3445477,50,2315,Bullet Seed,Weather Ball (Fire),Solar Beam,3,7,1,10000
Groudon,69.5,383,ground,none,173.6,150.2,137,3572048,22.5,2494,Dragon Tail,Precipice Blades,Fire Punch,5,4,20,100000
Marowak (Alolan) (Shadow),69.5,105,fire,ghost,133.6,168.9,142,3204426,50,2075,Hex,Bone Club,Flame Wheel,3,4,3,50000
Araquanid,69.4,752,water,bug,118.5,196.6,154,3587769,50,2065,Bug Bite,Water Pulse,Bug Buzz,17,20,3,50000
Revavroom,69.4,966,steel,poison,174,135.4,152,3581219,32,2500,Metal Sound,Gunk Shot,Gyro Ball,10,7,3,50000
Arboliva,69.3,930,grass,normal,166.5,150.1,150,3749548,32.5,2499,Magical Leaf,Earth Power,Trailblaze,6,5,3,50000
Exeggutor (Alolan) (Shadow),69.2,103,grass,dragon,173.4,122.9,169,3602554,30,2499,Dragon Tail,Seed Bomb,Draco Meteor,4,6,3,50000
Mesprit,69.2,481,psychic,none,160.2,163.2,149,3895842,30,2500,Confusion,Swift,Future Sight,3,5,20,100000
Gligar (Shadow),69.1,207,ground,flying,132.8,167.2,149,3307998,50,2099,Fury Cutter,Night Slash,Aerial Ace,9,12,5,75000
Necrozma (Dusk Mane),69.1,800,psychic,steel,178.1,148.9,132,3499821,22.5,2500,Shadow Claw,Dark Pulse,Sunsteel Strike,7,9,20,100000
Reuniclus,68.9,579,psychic,none,163.4,121.5,192,3811698,33,2500,Charm,Psyshock,Shadow Ball,5,7,3,50000
Rhydon,68.9,112,ground,rock,162.6,133.1,177,3829951,29,2500,Mud Slap,Stone Edge,Surf,6,5,3,50000
Exeggutor (Shadow),68.8,103,grass,psychic,174.9,120.5,169,3561034,30.5,2500,Confusion,Seed Bomb,Psychic,3,4,3,50000
Lairon (Shadow),68.8,305,steel,rock,145.4,179,142,3694731,50,2324,Metal Sound,Rock Tomb,Rock Slide,7,6,1,10000
Moltres,68.8,146,fire,flying,177,136.1,146,3515992,27,2498,Fire Spin,Sky Attack,Overheat,5,6,20,100000
Moltres (Shadow),68.7,146,fire,flying,176.4,130.8,150,3460962,26,2475,Fire Spin,Sky Attack,Ancient Power,5,5,20,100000
Simisage,68.7,512,grass,none,175.9,124,162,3534115,49.5,2497,Vine Whip,Grass Knot,Crunch,7,6,3,50000
Zygarde (10% Forme),68.7,718,dragon,ground,177.4,155.2,127,3496421,47,2491,Dragon Tail,Crunch,Earthquake,4,6,20,100000
Gurdurr (Shadow),68.6,533,fighting,none,163.9,125.2,178,3651822,50,2452,Poison Jab,Brick Break,Stone Edge,6,8,5,75000
Jynx,68.6,124,ice,psychic,181.7,132.8,142,3427109,42,2499,Confusion,Avalanche,Psyshock,4,3,5,75000
Quaquaval,68.6,914,water,fighting,176.3,127.8,156,3516848,30.5,2494,Wing Attack,Close Combat,Hydro Cannon,7,6,3,10000
Ribombee,68.6,743,bug,fairy,179,135.3,142,3438449,50,2488,Fairy Wind,Dazzling Gleam,Bug Buzz,7,7,1,10000
Metang (Shadow),68.4,375,steel,psychic,128.6,160.5,142,2930096,50,1946,Fury Cutter,Psyshock,Gyro Ball,10,13,5,75000
Simisear,68.4,514,fire,none,175.9,124,162,3534115,49.5,2497,Fire Spin,Crunch,Flamethrower,5,6,3,50000
Landorus (Incarnate),68.3,645,ground,flying,181.2,129.4,147,3447126,26,2500,Mud Shot,Rock Slide,Earth Power,6,7,20,100000
Metang,68.1,375,steel,psychic,128.6,160.5,142,2930096,50,1946,Fury Cutter,Psyshock,Gyro Ball,10,13,5,75000
Rhydon (Shadow),68,112,ground,rock,162.6,133.1,177,3829951,29,2500,Mud Slap,Stone Edge,Surf,6,5,3,50000
Exeggutor,67.9,103,grass,psychic,174.9,120.5,169,3561034,30.5,2500,Confusion,Seed Bomb,Psychic,3,4,3,50000
Haxorus,67.9,612,dragon,none,194.3,124.8,132,3200424,25.5,2495,Dragon Tail,Dragon Claw,Surf,5,4,5,75000
Nidoking (Shadow),67.9,34,poison,ground,166.5,136.9,164,3736018,42,2494,Fury Cutter,Sand Tomb,Earth Power,10,14,3,50000
Vileplume (Shadow),67.9,45,grass,poison,165.7,145.7,156,3764194,42,2497,Acid,Sludge Bomb,Moonblast,7,8,3,50000
Gligar,67.8,207,ground,flying,132.8,167.2,149,3307998,50,2099,Fury Cutter,Night Slash,Aerial Ace,9,12,5,75000
Groudon (Shadow),67.8,383,ground,none,174.2,147.2,137,3513730,22,2481,Dragon Tail,Precipice Blades,Fire Punch,5,4,20,100000
Luxray (Shadow),67.8,405,electric,none,177.6,128.7,153,3498460,33.5,2497,Snarl,Wild Charge,Psychic Fangs,4,3,5,75000
Carnivine,67.7,455,grass,none,169.7,126.9,163,3510627,50,2441,Vine Whip,Crunch,Power Whip,6,7,5,75000
Cinderace,67.7,815,fire,none,179.3,130.6,149,3488247,31,2500,Fire Spin,Flamethrower,Flame Charge,6,5,3,10000
Infernape (Shadow),67.7,392,fire,fighting,176.8,129.3,154,3520907,38,2496,Fire Spin,Close Combat,Blast Burn,5,5,3,10000
Probopass,67.7,476,rock,steel,126,243.7,142,4361605,50,2351,Spark,Rock Slide,Zap Cannon,7,12,3,50000
Porygon2 (Shadow),67.5,233,normal,none,157.3,151.9,165,3943391,38,2497,Lock On,Tri Attack,Zap Cannon,10,16,3,50000
Nidoking,67.3,34,poison,ground,166.5,136.9,164,3736018,42,2494,Fury Cutter,Sand Tomb,Earth Power,10,14,3,50000
Probopass (Shadow),67.3,476,rock,steel,126,243.7,142,4361605,50,2351,Spark,Rock Slide,Zap Cannon,7,12,3,50000
Sawk,67.3,539,fighting,none,181.2,127.7,149,3446595,35.5,2499,Poison Jab,Brick Break,Body Slam,6,5,5,75000
Rotom (Mow),67.2,479,electric,grass,166.5,187.3,120,3740814,42,2495,Thunder Shock,Thunderbolt,Ominous Wind,7,5,5,75000
Tangela,67.2,114,grass,none,164.7,153.8,149,3773655,50,2497,Vine Whip,Grass Knot,Sludge Bomb,7,7,3,50000
Ambipom (Shadow),67.1,424,normal,none,172.5,130.4,160,3598711,47,2498,Astonish,Aerial Ace,Low Sweep,5,4,3,50000
Zebstrika (Shadow),67.1,523,electric,none,177.4,124.6,159,3515897,47,2499,Spark,Wild Charge,Discharge,7,6,3,50000
Camerupt (Shadow),67,323,fire,ground,175.6,126.9,157,3498579,50,2479,Incinerate,Earth Power,Overheat,3,3,3,50000
Ursaluna (Shadow),67,901,ground,normal,161.6,125,191,3859202,24,2498,Tackle,Swift,Ice Punch,12,14,3,50000
Xurkitree,67,796,electric,none,214,101.2,134,2902378,23,2497,Thunder Shock,Discharge,Power Whip,5,6,20,100000
Keldeo (Ordinary),66.9,647,water,fighting,177.4,134.8,145,3466877,24,2482,Poison Jab,Hydro Pump,Sacred Sword,11,5,20,100000
Rotom,66.9,479,electric,ghost,168.1,146.2,127,3120698,50,2296,Astonish,Thunderbolt,Ominous Wind,6,5,5,75000
Tornadus (Therian),66.9,641,flying,none,174.1,145.3,141,3567185,29,2498,Gust,Bleakwind Storm,Focus Blast,4,7,20,100000
Necrozma (Dawn Wings),66.8,800,psychic,ghost,178.1,148.9,132,3499821,22.5,2500,Shadow Claw,Dark Pulse,Moongeist Beam,7,9,20,100000
Reuniclus (Shadow),66.8,579,psychic,none,163.4,121.5,192,3811698,33,2500,Charm,Psyshock,Shadow Ball,5,7,3,50000
Sneasel (Hisuian),66.8,215,fighting,poison,171.4,135.3,135,3130823,50,2319,Poison Jab,Close Combat,X-Scissor,7,6,3,50000
Sneasel (Hisuian) (Shadow),66.8,215,fighting,poison,171.4,135.3,135,3130823,50,2319,Poison Jab,Close Combat,X-Scissor,7,6,3,50000
Absol (Shadow),66.7,359,dark,none,200.7,108.4,142,3088738,42.5,2497,Snarl,Brutal Swing,Megahorn,3,5,5,75000
Swanna,66.7,581,water,flying,165.5,123.5,164,3353483,50,2361,Water Gun,Fly,Ice Beam,15,19,3,50000
Zebstrika,66.7,523,electric,none,177.4,124.6,159,3515897,47,2499,Spark,Wild Charge,Discharge,7,6,3,50000
Klang,66.6,600,steel,none,138.6,158.8,142,3126820,50,2088,Metal Sound,Vise Grip,Thunderbolt,5,7,5,75000
Kabutops,66.4,141,rock,water,174.6,156,131,3568174,37.5,2497,Fury Cutter,Stone Edge,Water Pulse,14,13,5,75000
Lilligant (Hisuian),66.4,549,grass,fighting,172.1,139.8,151,3630902,43.5,2499,Bullet Seed,Upper Hand,Petal Blizzard,4,5,1,10000
Mr. Rime,66.4,866,ice,psychic,165.1,147.5,155,3776434,35.5,2498,Ice Shard,Icy Wind,Psychic,5,6,5,75000
Floatzel,66.3,419,water,none,184,105.5,174,3377690,45.5,2494,Water Gun,Aqua Jet,Swift,14,12,3,50000
Comfey,66,764,fairy,none,151.3,193.3,129,3771020,50,2392,Vine Whip,Grass Knot,Draining Kiss,7,7,3,50000
Houndoom,66,229,dark,fire,179.5,125.2,154,3461981,39.5,2495,Snarl,Foul Play,Flamethrower,4,5,3,50000
Oricorio (Pom-Pom),66,741,electric,flying,171.7,132,160,3626828,47,2496,Air Slash,Air Cutter,Aerial Ace,4,5,3,75000
Ursaluna,66,901,ground,normal,161.6,125,191,3859202,24,2498,Tackle,Swift,High Horsepower,12,20,3,50000
Absol,65.8,359,dark,none,200.7,108.4,142,3088738,42.5,2497,Snarl,Brutal Swing,Megahorn,3,5,5,75000
Ambipom,65.8,424,normal,none,172.5,130.4,160,3598711,47,2498,Astonish,Aerial Ace,Return,5,7,3,50000
Cinccino,65.8,573,normal,none,176.8,121.5,164,3521915,49.5,2496,Charm,Aqua Tail,Thunderbolt,5,7,3,50000
Sudowoodo,65.8,185,rock,none,152.9,160.5,157,3853658,50,2428,Counter,Meteor Beam,Rock Tomb,10,9,5,75000
Togetic,65.8,176,fairy,flying,129.4,164.7,135,2877261,50,1931,Fairy Wind,Psyshock,Dazzling Gleam,5,7,3,50000
Carracosta,65.7,565,water,rock,155.4,168.1,153,3995903,40.5,2498,Water Gun,Liquidation,Body Slam,15,12,5,75000
Seviper,65.7,336,poison,none,177.3,111.8,161,3190279,50,2380,Poison Jab,Crunch,Poison Fang,7,6,3,50000
Crocalor,65.6,910,fire,none,148.7,125.2,173,3221621,50,2189,Incinerate,Crunch,Disarming Voice,3,3,3,10000
Alakazam (Shadow),65.5,65,psychic,none,201.9,131,117,3094668,30,2500,Confusion,Fire Punch,Shadow Ball,3,4,3,50000
Carracosta (Shadow),65.5,565,water,rock,155.4,168.1,153,3995903,40.5,2498,Water Gun,Liquidation,Body Slam,15,12,5,75000
Rayquaza,65.5,384,dragon,flying,186.5,119.8,147,3284503,23.5,2480,Dragon Tail,Breaking Swipe,Dragon Ascent,5,6,20,100000
Sawsbuck,65.4,586,normal,grass,167.7,133.7,166,3721820,48,2498,Feint Attack,Wild Charge,Trailblaze,8,8,3,50000
Omastar (Shadow),65.3,139,rock,water,161.9,165.8,143,3838068,36,2497,Mud Shot,Rock Slide,Rock Blast,6,5,5,75000
Zacian (Crowned Sword),65.3,888,fairy,steel,191.6,143.4,117,3213757,18,2484,Metal Claw,Close Combat,Behemoth Blade,7,8,20,100000
Flareon,65.2,136,fire,none,183.7,141.9,130,3389104,30,2497,Ember,Superpower,Flamethrower,5,7,5,75000
Golbat (Shadow),65.2,42,poison,flying,147.9,138.6,164,3362863,50,2234,Wing Attack,Air Cutter,Shadow Ball,5,8,1,10000
Stakataka,65.2,805,rock,steel,154.1,219.1,120,4052248,28,2500,Rock Throw,Stone Edge,Bulldoze,11,9,20,100000
Tangela (Shadow),65.2,114,grass,none,164.7,153.8,149,3773655,50,2497,Vine Whip,Grass Knot,Sludge Bomb,7,7,3,50000
Vigoroth,65.2,288,normal,none,146.2,134.4,172,3381166,50,2225,Counter,Body Slam,Rock Slide,6,8,5,75000
Pignite,65.1,499,fire,fighting,158,101.7,186,2987617,50,2175,Ember,Rock Tomb,Flame Charge,6,6,3,10000
Darmanitan (Galarian),64.9,555,ice,none,193.7,93.6,177,3209516,29.5,2498,Ice Fang,Avalanche,Superpower,8,7,3,50000
Manectric (Shadow),64.8,310,electric,none,187,116.5,153,3333190,46,2500,Snarl,Wild Charge,Psychic Fangs,4,3,3,50000
Sealeo (Shadow),64.8,364,ice,water,127.7,123.5,186,2934557,50,1938,Powder Snow,Surf,Body Slam,6,5,3,50000
Basculin,64.7,550,water,none,171.4,121,157,3256575,50,2363,Water Gun,Aqua Tail,Aqua Jet,12,14,1,10000
Yanmega,64.7,469,bug,flying,176.3,126.4,159,3544006,32,2500,Bug Bite,Aerial Ace,Ancient Power,15,15,3,50000
Dartrix,64.5,723,grass,flying,131.9,129.4,168,2868127,50,1950,Peck,Brave Bird,Seed Bomb,7,5,3,10000
Arcanine (Hisuian),64.4,59,fire,rock,171.2,130.6,163,3645335,29.5,2500,Fire Fang,Rock Slide,Crunch,8,8,3,50000
Furret,64.3,162,normal,none,137,117.6,178,2868167,50,1987,Sucker Punch,Swift,Brick Break,5,6,1,10000
Gigalith (Shadow),64.3,526,rock,none,164,154,150,3790163,28.5,2497,Mud Slap,Meteor Beam,Rock Slide,6,5,3,50000
Frosmoth,64.2,873,ice,bug,181.6,131.2,144,3429740,37.5,2498,Powder Snow,Ice Beam,Bug Buzz,7,8,5,75000
Nihilego,64.2,793,rock,poison,163.4,144.1,162,3814902,23,2497,Poison Jab,Power Gem,Sludge Bomb,8,8,20,100000
Omastar,64.2,139,rock,water,161.9,165.8,143,3838068,36,2497,Mud Shot,Rock Slide,Rock Blast,6,5,5,75000
Golbat,64.1,42,poison,flying,147.9,138.6,164,3362863,50,2234,Wing Attack,Air Cutter,Shadow Ball,5,8,1,10000
Sneasel (Shadow),64,215,dark,ice,171.4,135.3,135,3130823,50,2319,Ice Shard,Avalanche,Foul Play,5,4,3,50000
Vigoroth (Shadow),64,288,normal,none,146.2,134.4,172,3381166,50,2225,Counter,Body Slam,Rock Slide,6,8,5,75000
Houndoom (Shadow),63.9,229,dark,fire,179.5,125.2,154,3461981,39.5,2495,Snarl,Foul Play,Flamethrower,4,5,3,50000
Stonjourner,63.9,874,rock,none,161.2,139.8,171,3852527,28.5,2493,Rock Throw,Rock Slide,Stomp,9,8,5,75000
Alakazam,63.8,65,psychic,none,201.9,131,117,3094668,30,2500,Confusion,Fire Punch,Shadow Ball,3,4,3,50000
Beedrill (Shadow),63.8,15,bug,poison,154.6,121.8,149,2806990,50,2087,Poison Sting,Drill Run,X-Scissor,5,5,1,10000
Chandelure,63.8,609,ghost,fire,194.4,137.1,120,3198985,28,2495,Fire Spin,Shadow Ball,Flame Charge,5,5,5,75000
Crabominable,63.8,740,fighting,ice,176.9,115.2,173,3524381,33.5,2497,Bubble,Ice Punch,Brick Break,4,4,3,50000
Lycanroc (Dusk),63.7,745,rock,none,185.4,119.2,152,3358241,38,2500,Sucker Punch,Stone Edge,Trailblaze,8,7,5,50000
Meowstic (Male),63.5,678,psychic,none,152.1,152.9,163,3791459,50,2401,Confusion,Psychic,Thunderbolt,4,4,3,50000
Meowstic (Female),63.4,678,psychic,none,152.1,152.9,163,3791459,50,2401,Confusion,Shadow Ball,Psychic,4,4,3,50000
Sneasel,63.3,215,dark,ice,171.4,135.3,135,3130823,50,2319,Ice Shard,Avalanche,Foul Play,5,4,3,50000
Swanna (Shadow),63.3,581,water,flying,165.5,123.5,164,3353483,50,2361,Water Gun,Fly,Ice Beam,15,19,3,50000
Musharna,63.2,518,psychic,none,146.2,141.5,206,4261551,38.5,2498,Charge Beam,Psyshock,Dazzling Gleam,4,5,3,50000
Lycanroc (Midday),63.1,745,rock,none,184.4,120.8,152,3386645,39,2500,Sucker Punch,Stone Edge,Drill Run,8,7,5,50000
Lycanroc (Midnight),63.1,745,rock,none,172.5,127.9,164,3618401,36.5,2499,Counter,Psychic Fangs,Crunch,6,8,5,50000
Pignite (Shadow),63.1,499,fire,fighting,158,101.7,186,2987617,50,2175,Ember,Rock Tomb,Flame Charge,6,6,3,10000
Simipour,63.1,516,water,none,175.9,124,162,3534115,49.5,2497,Water Gun,Surf,Crunch,15,15,3,50000
Beedrill,62.9,15,bug,poison,154.6,121.8,149,2806990,50,2087,Poison Sting,Drill Run,X-Scissor,5,5,1,10000
Masquerain,62.9,284,bug,flying,170.4,137,156,3641528,49,2492,Infestation,Air Cutter,Lunge,3,4,1,10000
Necrozma,62.9,800,psychic,none,170.3,137.6,156,3655940,25,2497,Shadow Claw,Dark Pulse,Future Sight,7,9,20,100000
Sealeo,62.8,364,ice,water,127.7,123.5,186,2934557,50,1938,Powder Snow,Surf,Body Slam,6,5,3,50000
Sharpedo (Shadow),62.6,319,water,dark,216.8,82.3,157,2802942,50,2466,Waterfall,Crunch,Poison Fang,6,5,3,50000
Magcargo,62.5,219,fire,rock,129.4,173.1,127,2844857,50,1924,Incinerate,Rock Tomb,Overheat,3,3,1,10000
Maushold,62.5,925,normal,none,146.2,144.5,163,3444562,50,2244,Mud Shot,Swift,Crunch,5,6,1,10000
Arcanine,62.3,59,fire,none,170.4,132.1,163,3668546,31,2500,Snarl,Crunch,Flamethrower,4,5,3,50000
Jumpluff (Shadow),62.2,189,grass,flying,111.8,166.4,164,3049506,50,1850,Fairy Wind,Acrobatics,Aerial Ace,7,5,3,50000
Glaceon,62,471,ice,none,175.6,156.7,129,3549966,29.5,2498,Ice Shard,Avalanche,Water Pulse,5,5,5,75000
Graveler (Alolan) (Shadow),62,75,rock,electric,150.4,150.4,135,3054278,50,2145,Volt Switch,Stone Edge,Rock Blast,4,3,1,10000
Kyogre,62,382,water,none,173.6,150.2,137,3572048,22.5,2494,Waterfall,Avalanche,Origin Pulse,6,8,20,100000
Oricorio (Baile),62,741,fire,flying,171.7,132,160,3626828,47,2496,Air Slash,Air Cutter,Aerial Ace,4,5,3,75000
Parasect,62,47,bug,grass,151.3,135.3,142,2905731,50,2102,Fury Cutter,X-Scissor,Cross Poison,10,9,3,50000
Braviary (Hisuian),61.9,628,psychic,flying,166.5,114.3,197,3751048,36,2500,Air Slash,Brave Bird,Fly,7,5,5,75000
Beheeyem,61.7,606,psychic,none,174,136.1,151,3574709,37,2498,Confusion,Rock Slide,Dark Pulse,4,4,3,50000
Sharpedo,61.7,319,water,dark,216.8,82.3,157,2802942,50,2466,Waterfall,Crunch,Poison Fang,6,5,3,50000
Graveler (Alolan),61.5,75,rock,electric,150.4,150.4,135,3054278,50,2145,Volt Switch,Stone Edge,Rock Blast,4,3,1,10000
Munchlax,61.5,446,normal,none,127.7,110.9,252,3570153,50,2139,Tackle,Body Slam,Bulldoze,12,15,5,10000
Darkrai (Shadow),61.3,491,dark,none,193.1,136.8,121,3195123,24,2484,Snarl,Shadow Ball,Dark Pulse,4,4,20,100000
Lumineon,61.3,457,water,none,131.9,155.5,155,3178863,50,2050,Water Gun,Aqua Tail,Silver Wind,12,15,3,50000
Sudowoodo (Shadow),61.1,185,rock,none,152.9,160.5,157,3853658,50,2428,Counter,Meteor Beam,Rock Tomb,10,9,5,75000
Boltund,60.9,836,electric,none,178.1,122.7,155,3387577,50,2460,Spark,Crunch,Thunder,7,9,1,50000
Kingler,60.9,99,water,none,185.8,149.3,121,3356170,35,2498,Bubble,Crabhammer,X-Scissor,5,4,3,50000
Mudbray,60.8,749,ground,none,159.7,114.3,157,2864580,50,2139,Mud Slap,Body Slam,Earthquake,4,7,3,50000
Oricorio (Sensu),60.8,741,ghost,flying,171.7,132,160,3626828,47,2496,Air Slash,Air Cutter,Aerial Ace,4,5,3,75000
Misdreavus (Shadow),60.6,200,ghost,none,152.9,142,142,3084006,50,2178,Astonish,Shadow Sneak,Dark Pulse,5,5,3,50000
Toxapex,60.5,748,poison,water,108.4,242,127,3331614,50,1905,Poison Jab,Brine,Sludge Wave,8,10,3,50000
Dunsparce,60.3,206,normal,none,122.7,120.2,201,2963150,50,1909,Rollout,Drill Run,Rock Slide,4,4,3,50000
Tatsugiri (Curly),60.3,978,dragon,water,178.5,138.9,141,3496199,37.5,2500,Water Gun,Surf,Outrage,15,20,5,75000
Tatsugiri (Droopy),60.3,978,dragon,water,178.5,138.9,141,3496199,37.5,2500,Water Gun,Surf,Outrage,15,20,5,75000
Tatsugiri (Stretchy),60.3,978,dragon,water,178.5,138.9,141,3496199,37.5,2500,Water Gun,Surf,Outrage,15,20,5,75000
Garbodor (Shadow),60.2,569,poison,none,159.8,145.7,168,3910516,47.5,2499,Infestation,Body Slam,Seed Bomb,3,4,3,50000
Jumpluff,60.2,189,grass,flying,111.8,166.4,164,3049506,50,1850,Fairy Wind,Acrobatics,Aerial Ace,7,5,3,50000
Mr. Mime (Galarian),60.1,122,ice,psychic,166.4,154.6,127,3267048,50,2338,Confusion,Ice Punch,Triple Axel,3,4,5,75000
Sigilyph,59.9,561,psychic,flying,167.5,145,153,3714862,43,2494,Air Slash,Air Cutter,Ancient Power,4,5,5,75000
Azelf,59.7,482,psychic,none,197.5,114.8,139,3152866,28.5,2496,Confusion,Swift,Future Sight,3,5,20,100000
Oricorio (Pa'u),59.7,741,psychic,flying,171.7,132,160,3626828,47,2496,Air Slash,Air Cutter,Aerial Ace,4,5,3,75000
Mewtwo,59.6,150,psychic,none,190.8,120.8,141,3249022,21.5,2491,Confusion,Psystrike,Shadow Ball,4,4,20,100000
Bibarel (Shadow),59.4,400,normal,water,148.7,112.6,170,2847054,50,2061,Rollout,Surf,Hyper Fang,4,4,1,10000
Garbodor,59.4,569,poison,none,159.8,145.7,168,3910516,47.5,2499,Infestation,Body Slam,Seed Bomb,3,4,3,50000
Misdreavus,59,200,ghost,none,152.9,142,142,3084006,50,2178,Psywave,Shadow Sneak,Dark Pulse,13,13,3,50000
Darkrai,58.8,491,dark,none,193.1,136.8,121,3195123,24,2484,Snarl,Shadow Ball,Dark Pulse,4,4,20,100000
Marshtomp (Shadow),58.8,259,water,ground,143.7,124.4,157,2805603,50,2008,Mud Shot,Mud Bomb,Surf,5,6,3,10000
Indeedee (Female),58.5,876,psychic,normal,156.9,163.6,155,3978595,48,2500,Extrasensory,Psychic,Energy Ball,6,6,3,50000
Clawitzer,58.3,693,water,none,173.4,142.7,145,3589465,36,2495,Water Gun,Crabhammer,Ice Beam,17,19,3,50000
Maractus,58.2,556,grass,none,177.9,121.1,162,3490982,49,2498,Bullet Seed,Aerial Ace,Petal Blizzard,4,5,1,10000
Boldore,58,525,rock,none,158.8,132.8,157,3310452,50,2293,Mud Slap,Rock Slide,Bulldoze,5,5,3,50000
Marshtomp,57.9,259,water,ground,143.7,124.4,157,2805603,50,2008,Mud Shot,Mud Bomb,Surf,5,6,3,10000
Carbink,57.8,703,rock,fairy,92.4,252.1,127,2959282,50,1658,Rock Throw,Rock Slide,Moonblast,9,12,5,75000
Rillaboom,57.8,812,grass,none,170.2,127.5,168,3646334,27.5,2492,Razor Leaf,Grass Knot,Earth Power,13,14,3,10000
Sunflora,57.8,192,grass,none,168.1,126,164,3474032,50,2421,Bullet Seed,Sludge Bomb,Leaf Storm,4,5,3,50000
Kyogre (Shadow),57.7,382,water,none,174.2,147.2,137,3513730,22,2481,Waterfall,Avalanche,Surf,6,6,20,100000
Purugly (Shadow),57.7,432,normal,none,157.1,124.4,158,3087658,50,2208,Shadow Claw,Aerial Ace,Thunder,6,8,3,50000
Azumarill,57.6,184,water,fairy,106.7,140.3,201,3010128,50,1795,Bubble,Ice Beam,Play Rough,5,6,3,50000
Eldegoss,57.6,830,grass,none,137,189.9,142,3693628,50,2255,Bullet Seed,Grass Knot,Energy Ball,4,5,3,50000
Shaymin (Sky),57.5,492,grass,flying,178.8,120.8,161,3475315,25.5,2494,Magical Leaf,Grass Knot,Energy Ball,5,6,20,100000
Bibarel,57.4,400,normal,water,148.7,112.6,170,2847054,50,2061,Rollout,Surf,Hyper Fang,4,4,1,10000
Graveler (Shadow),57.4,75,rock,ground,150.4,150.4,135,3054278,50,2145,Mud Slap,Rock Slide,Dig,5,5,1,10000
Arbok,57.3,24,poison,none,152.9,141.2,142,3065757,50,2171,Acid,Dark Pulse,Sludge Wave,7,9,3,50000
Volcarona,57.2,637,bug,fire,179.7,135.6,142,3459424,25,2495,Fire Spin,Overheat,Bug Buzz,6,6,5,75000
Graveler,56.8,75,rock,ground,150.4,150.4,135,3054278,50,2145,Mud Slap,Rock Slide,Dig,5,5,1,10000
Indeedee (Male),56.6,876,psychic,normal,174.4,147.3,139,3571053,46.5,2496,Extrasensory,Shadow Ball,Psychic,5,6,3,50000
Komala,56.6,775,normal,none,175.5,143.6,141,3553912,41.5,2499,Rollout,Payback,Bulldoze,5,4,3,50000
Naganadel,56.5,804,poison,dragon,192.1,122.3,138,3241746,29,2496,Poison Jab,Dragon Claw,Sludge Bomb,8,8,20,100000
Throh,56.4,538,fighting,none,142.2,139.8,221,4390995,43.5,2500,Low Kick,Brick Break,Body Slam,8,7,5,75000
Mewtwo (Shadow),56.2,150,psychic,none,192,118.9,140,3196974,21.5,2482,Confusion,Psystrike,Shadow Ball,4,4,20,100000
Stantler (Shadow),56.2,234,normal,none,173.9,122.7,161,3435721,50,2447,Tackle,Wild Charge,Stomp,15,14,3,50000
Bastiodon,56.1,411,rock,steel,91.6,252.9,142,3289653,50,1741,Smack Down,Stone Edge,Flamethrower,7,7,5,75000
Seadra,55.9,117,water,none,169.7,143.7,135,3292684,50,2366,Dragon Breath,Hydro Pump,Dragon Pulse,19,14,3,50000
Porygon-Z,55.7,474,normal,none,190.2,115.9,149,3284573,28,2500,Lock On,Tri Attack,Blizzard,10,15,3,50000
Stantler,55.6,234,normal,none,173.9,122.7,161,3435721,50,2447,Tackle,Wild Charge,Stomp,15,14,3,50000
Throh (Shadow),55.6,538,fighting,none,142.2,139.8,221,4390995,43.5,2500,Low Kick,Brick Break,Body Slam,8,7,5,75000
Brionne,55.4,729,water,none,153.8,134.4,142,2935812,50,2131,Water Gun,Aqua Jet,Disarming Voice,14,15,3,10000
Purugly,55.1,432,normal,none,157.1,124.4,158,3087658,50,2208,Shadow Claw,Aerial Ace,Return,6,9,3,50000
Rampardos (Shadow),55.1,409,rock,none,209.5,86.9,163,2965855,27.5,2494,Smack Down,Rock Slide,Flamethrower,6,7,5,75000
Boldore (Shadow),54.9,525,rock,none,158.8,132.8,157,3310452,50,2293,Mud Slap,Rock Slide,Bulldoze,5,5,3,50000
Gorebyss,54.8,368,water,none,174.2,157.2,130,3560207,44,2494,Confusion,Water Pulse,Psychic,4,4,3,50000
Arbok (Shadow),54.3,24,poison,none,152.9,141.2,142,3065757,50,2171,Acid,Dark Pulse,Sludge Wave,7,9,3,50000
Bastiodon (Shadow),53.9,411,rock,steel,91.6,252.9,142,3289653,50,1741,Smack Down,Stone Edge,Flamethrower,7,7,5,75000
Raticate (Alolan) (Shadow),53.9,20,dark,normal,126,142,164,2935557,50,1927,Quick Attack,Crunch,Hyper Fang,6,7,1,10000
Sliggoo,53.7,705,dragon,none,146.2,160.5,154,3613866,50,2303,Water Gun,Dragon Pulse,Water Pulse,19,17,5,75000
Wormadam (Sandy),53.7,413,bug,ground,131.1,163.9,142,3050116,50,2005,Bug Bite,Bug Buzz,Bulldoze,20,15,1,10000
Cherrim (Overcast),53.5,421,grass,none,155.5,141.2,157,3445477,50,2315,Bullet Seed,Dazzling Gleam,Solar Beam,5,7,1,10000
Hoopa,53.2,720,psychic,ghost,187.1,137.5,128,3292971,26.5,2487,Confusion,Shadow Ball,Psychic,4,4,20,100000
Archeops (Shadow),53.1,567,rock,flying,207.4,105.8,137,3005098,27.5,2499,Wing Attack,Ancient Power,Crunch,7,7,5,75000
Accelgor (Shadow),52.5,617,bug,none,184.3,110.1,167,3386831,45,2499,Water Shuriken,Bug Buzz,Signal Beam,5,4,3,50000
Porygon-Z (Shadow),52.5,474,normal,none,190.2,115.9,149,3284573,28,2500,Lock On,Tri Attack,Blizzard,10,15,3,50000
Raticate (Alolan),52.5,20,dark,normal,126,142,164,2935557,50,1927,Quick Attack,Crunch,Hyper Fang,6,7,1,10000
Grotle (Shadow),52.4,388,grass,none,144.5,132.8,164,3147010,50,2137,Razor Leaf,Body Slam,Energy Ball,9,14,3,10000
Inteleon,52.4,818,water,none,197.8,114.5,139,3150048,32,2497,Water Gun,Surf,Shadow Ball,15,17,3,10000
Wormadam (Plant),51.7,413,bug,grass,131.1,163.9,142,3050116,50,2005,Bug Bite,Bug Buzz,Energy Ball,20,19,1,10000
Accelgor,51.6,617,bug,none,184.3,110.1,167,3386831,45,2499,Water Shuriken,Bug Buzz,Signal Beam,5,4,3,50000
Gumshoos,51.5,735,normal,none,175.6,107.6,184,3475704,50,2470,Bite,Rock Tomb,Crunch,25,23,1,10000
Archeops,51.4,567,rock,flying,207.4,105.8,137,3005098,27.5,2499,Wing Attack,Ancient Power,Crunch,7,7,5,75000
Grotle,51.1,388,grass,none,144.5,132.8,164,3147010,50,2137,Razor Leaf,Body Slam,Energy Ball,9,14,3,10000
Unfezant,50.9,521,normal,flying,177.8,124.5,158,3497674,37,2497,Air Slash,Sky Attack,Return,6,8,1,10000
Noivern,50.4,715,flying,dragon,161.8,145.6,164,3862261,36.5,2500,Air Slash,Hurricane,Draco Meteor,8,8,5,75000
Hoopa (Unbound),50.1,720,psychic,dark,201.1,129.1,117,3037339,22,2473,Confusion,Shadow Ball,Dark Pulse,4,4,20,100000
Seadra (Shadow),49.6,117,water,none,169.7,143.7,135,3292684,50,2366,Dragon Breath,Dragon Pulse,Hydro Pump,14,19,3,50000
Lilligant,48.9,549,grass,none,175,136.5,149,3558858,42.5,2498,Charm,Petal Blizzard,Hyper Beam,9,10,1,10000
Gabite,48.7,444,dragon,ground,157.1,117.6,154,2846814,50,2119,Mud Shot,Dig,Flamethrower,7,7,5,75000
Rampardos,48.5,409,rock,none,209.5,86.9,163,2965855,27.5,2494,Smack Down,Rock Slide,Flamethrower,6,7,5,75000
Gabite (Shadow),47.3,444,dragon,ground,157.1,117.6,154,2846814,50,2119,Mud Shot,Dig,Flamethrower,7,7,5,75000
Unfezant (Shadow),47.3,521,normal,flying,177.8,124.5,158,3497674,37,2497,Air Slash,Sky Attack,Hyper Beam,6,9,1,10000
Thwackey,46.9,811,grass,none,151.3,125.2,157,2973221,50,2121,Razor Leaf,Grass Knot,Energy Ball,13,14,3,10000
Tornadus (Incarnate),43.7,641,flying,none,189.8,124.7,138,3266915,27.5,2490,Air Slash,Grass Knot,Hurricane,6,8,20,100000
Tornadus (Incarnate) (Shadow),43.5,641,flying,none,189.8,124.7,138,3266915,27.5,2490,Air Slash,Grass Knot,Hurricane,6,8,20,100000
Deoxys (Speed),42.9,386,psychic,none,180,169.6,113,3449282,32,2492,Charge Beam,Psycho Boost,Swift,4,4,20,100000
Regigigas,40.7,486,normal,none,178.1,135.9,143,3461848,21,2490,Hidden Power (Ice),Crush Grip,Thunder,7,8,20,100000
Illumise,39.8,314,bug,none,132.8,152.1,149,3008782,50,2002,Tackle,Silver Wind,Dazzling Gleam,15,19,3,50000
Volbeat,36.8,313,bug,none,132.8,152.1,149,3008782,50,2002,Tackle,Bug Buzz,Thunderbolt,20,19,3,50000
Regigigas (Shadow),36.5,486,normal,none,181.8,132.8,141,3405347,21,2491,Hidden Power (Ice),Crush Grip,Thunder,7,8,20,100000
Shaymin (Land),31.6,492,grass,none,152.6,158.3,169,4083556,28.5,2496,Zen Headbutt,Grass Knot,Seed Flare,9,13,20,100000
Audino,28.5,531,normal,none,108.4,149.6,205,3323780,50,1902,Zen Headbutt,Body Slam,Disarming Voice,6,8,3,50000
Chansey,26.5,113,normal,none,63,120.2,421,3188219,50,1418,Zen Headbutt,Dazzling Gleam,Hyper Beam,10,14,5,75000
Slaking,17.6,289,normal,none,178.4,108.9,180,3496428,20.5,2499,Yawn,Body Slam,Earthquake,3,6,5,75000
Slaking (Shadow),17,289,normal,none,178.4,108.9,180,3496428,20.5,2499,Yawn,Body Slam,Earthquake,3,6,5,75000
